Fecha,Nombre Equipo,co,co2,pm10,pm2_5,pm5,Humedad Relativa,Temperatura,Año,Mes,Dia,Dia Semana,ID
2023-08-21T05:15,AirQualityUnit01,24,551,45,33,15,81,12.7,2023,agosto,21,lunes,25333
2023-08-19T23:09:57,AirQualityUnit02,1,409,11,9,5,689,16.4,2023,agosto,19,sábado,8093
2023-08-27T23:00:36,AirQualityUnit02,23,444,11,9,5,649,11.5,2023,agosto,27,domingo,11944
2023-08-05T09:10:59,AirQualityUnit01,23,451,12,6,4,545,18.5,2023,agosto,5,sábado,17870
2023-08-02T16:14:32,AirQualityUnit02,13,431,18,14,11,396,21.4,2023,agosto,2,miércoles,384
2023-08-31T11:34,AirQualityUnit01,7,428,11,11,6,374,22.2,2023,agosto,31,jueves,30166
2023-08-23T19:14,AirQualityUnit01,15,421,22,15,11,428,17.8,2023,agosto,23,miércoles,26553
2023-08-21T00:34,AirQualityUnit01,13,584,12,11,7,737,13.2,2023,agosto,21,lunes,25228
2023-08-17T12:48,AirQualityUnit01,14,415,3,3,1,371,27.1,2023,agosto,17,jueves,23544
2023-08-13T04:20:33,AirQualityUnit02,10,447,6,3,2,793,11.2,2023,agosto,13,domingo,4916
2023-08-09T13:33:18,AirQualityUnit01,8,474,16,16,11,543,18.4,2023,agosto,9,miércoles,19855
2023-08-17T05:02:53,AirQualityUnit02,14,586,15,15,10,866,11.9,2023,agosto,17,jueves,6798
2023-08-27T21:02:22,AirQualityUnit02,28,450,16,13,8,58,14.2,2023,agosto,27,domingo,11905
2023-08-06T08:39:34,AirQualityUnit01,19,555,21,18,12,639,15.0,2023,agosto,6,domingo,18334
2023-08-25T00:05:59,AirQualityUnit02,22,452,35,26,12,632,13.5,2023,agosto,25,viernes,10478
2023-08-04T13:25:08,AirQualityUnit01,11,407,3,3,2,395,24.6,2023,agosto,4,viernes,17605
2023-08-28T22:14:14,AirQualityUnit02,12,441,10,6,4,626,14.3,2023,agosto,28,lunes,12419
2023-08-26T21:54,AirQualityUnit01,3,500,18,17,9,556,10.9,2023,agosto,26,sábado,28009
2023-08-16T22:11,AirQualityUnit01,26,551,6,5,4,761,11.5,2023,agosto,16,miércoles,23249
2023-08-19T23:49:34,AirQualityUnit02,20,410,10,8,6,0,0.0,2023,agosto,19,sábado,8107
2023-08-10T20:26:56,AirQualityUnit01,2,471,7,5,3,551,16.3,2023,agosto,10,jueves,20407
2023-08-21T00:57,AirQualityUnit01,24,553,12,12,7,741,13.1,2023,agosto,21,lunes,25237
2023-08-16T06:13,AirQualityUnit01,29,551,16,15,9,0,0.0,2023,agosto,16,miércoles,22981
2023-08-20T20:38:57,AirQualityUnit02,1,446,12,9,6,753,15.2,2023,agosto,20,domingo,8535
2023-08-27T11:15,AirQualityUnit01,16,453,11,9,6,366,22.5,2023,agosto,27,domingo,28294
2023-08-07T09:04:44,AirQualityUnit01,11,545,48,35,19,725,14.4,2023,agosto,7,lunes,18835
2023-08-14T04:03:45,AirQualityUnit01,6,547,16,9,4,681,10.0,2023,agosto,14,lunes,22031
2023-08-19T03:36:40,AirQualityUnit02,26,504,17,17,11,804,12.4,2023,agosto,19,sábado,7695
2023-08-11T09:11:30,AirQualityUnit02,1,430,8,1,1,609,18.1,2023,agosto,11,viernes,4110
2023-08-05T00:21:42,AirQualityUnit02,21,460,9,6,3,695,13.1,2023,agosto,5,sábado,1209
2023-08-02T14:45:07,AirQualityUnit02,1,484,8,2,1,0,0.0,2023,agosto,2,miércoles,361
2023-08-04T00:06:24,AirQualityUnit01,30,525,6,6,4,69,9.6,2023,agosto,4,viernes,17458
2023-08-21T06:03,AirQualityUnit01,16,570,28,21,10,797,12.9,2023,agosto,21,lunes,25353
2023-08-16T22:42:22,AirQualityUnit02,17,517,47,38,12,835,11.5,2023,agosto,16,miércoles,6654
2023-08-01T20:02:51,AirQualityUnit01,19,483,14,14,8,545,12.9,2023,agosto,1,martes,16871
2023-08-27T17:04,AirQualityUnit01,29,408,10,10,6,308,25.3,2023,agosto,27,domingo,28415
2023-08-14T00:06:25,AirQualityUnit01,16,516,7,7,4,609,11.9,2023,agosto,14,lunes,21943
2023-08-25T21:23,AirQualityUnit01,8,491,14,13,8,0,0.0,2023,agosto,25,viernes,27504
2023-08-10T16:54:06,AirQualityUnit02,26,453,33,26,18,422,23.3,2023,agosto,10,jueves,3792
2023-08-23T16:59,AirQualityUnit01,12,405,8,6,4,328,22.7,2023,agosto,23,miércoles,26520
2023-08-31T00:02,AirQualityUnit01,15,505,15,13,7,628,10.7,2023,agosto,31,jueves,29924
2023-08-20T11:45:14,AirQualityUnit02,23,483,9,8,6,513,22.1,2023,agosto,20,domingo,8360
2023-08-29T12:37:49,AirQualityUnit02,25,497,6,4,2,37,23.5,2023,agosto,29,martes,12718
2023-08-01T10:08:29,AirQualityUnit02,15,431,2,2,1,502,21.0,2023,agosto,1,martes,216
2023-08-27T09:58:14,AirQualityUnit02,19,456,26,19,13,0,0.0,2023,agosto,27,domingo,11668
2023-08-20T14:54:11,AirQualityUnit02,21,482,5,4,3,401,25.8,2023,agosto,20,domingo,8425
2023-08-21T22:16,AirQualityUnit01,18,508,1,1,0,0,0.0,2023,agosto,21,lunes,25697
2023-08-15T22:59,AirQualityUnit01,6,517,7,7,5,649,12.6,2023,agosto,15,martes,22817
2023-08-18T12:34,AirQualityUnit01,18,441,11,10,6,367,28.3,2023,agosto,18,viernes,24003
2023-08-12T07:30:18,AirQualityUnit01,23,526,24,20,11,677,11.4,2023,agosto,12,sábado,21080
2023-08-03T14:15:09,AirQualityUnit02,27,463,2,2,1,486,21.8,2023,agosto,3,jueves,699
2023-08-20T09:34,AirQualityUnit01,14,520,13,10,6,618,17.6,2023,agosto,20,domingo,24936
2023-08-28T20:55:16,AirQualityUnit02,5,420,9,7,5,59,15.2,2023,agosto,28,lunes,12393
2023-08-23T15:32:57,AirQualityUnit02,11,477,12,11,8,289,24.1,2023,agosto,23,miércoles,9884
2023-08-21T00:09,AirQualityUnit01,1,583,16,9,5,746,13.4,2023,agosto,21,lunes,25217
2023-08-05T12:52:20,AirQualityUnit02,8,466,2,2,1,409,23.2,2023,agosto,5,sábado,1365
2023-08-03T21:33:04,AirQualityUnit01,18,521,12,10,6,0,0.0,2023,agosto,3,jueves,17407
2023-08-21T11:09:32,AirQualityUnit02,17,448,6,6,3,0,0.0,2023,agosto,21,lunes,8853
2023-08-08T04:19:20,AirQualityUnit01,8,547,22,15,9,766,9.9,2023,agosto,8,martes,19235
2023-08-20T23:56,AirQualityUnit01,26,575,15,10,7,0,0.0,2023,agosto,20,domingo,25214
2023-08-01T09:14:40,AirQualityUnit01,18,467,11,7,4,538,16.3,2023,agosto,1,martes,16777
2023-08-27T08:23,AirQualityUnit01,26,523,19,18,10,55,12.6,2023,agosto,27,domingo,28236
2023-08-12T05:30:43,AirQualityUnit02,1,496,8,2,0,796,8.9,2023,agosto,12,sábado,4467
2023-08-08T18:11:48,AirQualityUnit01,7,460,10,10,6,419,17.7,2023,agosto,8,martes,19471
2023-08-19T11:47,AirQualityUnit01,6,408,17,14,8,41,27.1,2023,agosto,19,sábado,24470
2023-08-05T22:16:09,AirQualityUnit01,29,528,15,15,9,658,12.5,2023,agosto,5,sábado,18103
2023-08-20T02:44,AirQualityUnit01,3,549,8,8,5,676,15.5,2023,agosto,20,domingo,24780
2023-08-09T06:40:15,AirQualityUnit01,26,557,40,32,22,687,9.6,2023,agosto,9,miércoles,19739
2023-08-23T12:28,AirQualityUnit01,5,402,5,5,4,31,25.2,2023,agosto,23,miércoles,26454
2023-08-27T23:37:54,AirQualityUnit02,10,467,9,8,5,675,10.9,2023,agosto,27,domingo,11955
2023-08-27T06:49,AirQualityUnit01,12,563,22,17,10,671,5.9,2023,agosto,27,domingo,28199
2023-08-06T02:29:49,AirQualityUnit01,27,553,13,13,8,0,0.0,2023,agosto,6,domingo,18196
2023-08-10T03:39:36,AirQualityUnit02,15,493,18,16,10,849,8.7,2023,agosto,10,jueves,3552
2023-08-06T19:00:46,AirQualityUnit02,10,407,10,7,5,519,17.1,2023,agosto,6,domingo,1965
2023-08-11T22:37:45,AirQualityUnit02,19,457,53,32,17,647,12.5,2023,agosto,11,viernes,4320
2023-08-09T01:53:02,AirQualityUnit02,13,469,5,5,3,715,9.1,2023,agosto,9,miércoles,3076
2023-08-23T08:37:01,AirQualityUnit02,27,458,39,30,17,732,13.3,2023,agosto,23,miércoles,9775
2023-08-16T17:16:47,AirQualityUnit02,15,553,38,29,21,833,13.9,2023,agosto,16,miércoles,6558
2023-08-04T10:04:23,AirQualityUnit01,7,459,23,21,15,52,19.3,2023,agosto,4,viernes,17564
2023-08-10T21:14:30,AirQualityUnit01,25,467,7,7,5,567,15.8,2023,agosto,10,jueves,20421
2023-08-28T21:27,AirQualityUnit01,11,510,7,5,3,0,0.0,2023,agosto,28,lunes,29001
2023-08-20T06:43,AirQualityUnit01,25,561,11,11,6,742,13.4,2023,agosto,20,domingo,24870
2023-08-22T23:36,AirQualityUnit01,6,495,4,4,2,0,0.0,2023,agosto,22,martes,26178
2023-08-11T20:56:39,AirQualityUnit01,28,498,9,7,4,557,13.5,2023,agosto,11,viernes,20861
2023-08-16T16:04,AirQualityUnit01,4,422,6,5,3,443,20.6,2023,agosto,16,miércoles,23150
2023-08-18T12:50,AirQualityUnit01,26,428,11,10,5,357,27.9,2023,agosto,18,viernes,24006
2023-08-07T13:16:42,AirQualityUnit01,8,462,6,6,5,484,24.1,2023,agosto,7,lunes,18931
2023-08-14T00:33:31,AirQualityUnit01,29,534,7,7,3,652,10.9,2023,agosto,14,lunes,21956
2023-08-19T19:52:18,AirQualityUnit02,30,416,19,17,12,636,17.3,2023,agosto,19,sábado,8031
2023-08-23T17:32,AirQualityUnit01,28,423,7,5,3,0,0.0,2023,agosto,23,miércoles,26529
2023-08-13T16:40:16,AirQualityUnit02,25,410,6,6,4,419,20.2,2023,agosto,13,domingo,5177
2023-08-17T04:27:27,AirQualityUnit02,28,611,13,12,8,0,0.0,2023,agosto,17,jueves,6784
2023-08-03T20:45:15,AirQualityUnit01,26,499,7,5,3,0,0.0,2023,agosto,3,jueves,17390
2023-08-23T00:23,AirQualityUnit01,29,507,5,5,4,616,12.5,2023,agosto,23,miércoles,26190
2023-08-25T13:21,AirQualityUnit01,23,432,6,5,3,349,21.6,2023,agosto,25,viernes,27385
2023-08-02T09:58:03,AirQualityUnit01,15,450,15,13,8,0,0.0,2023,agosto,2,miércoles,16937
2023-08-06T01:29:18,AirQualityUnit01,29,538,5,5,2,0,0.0,2023,agosto,6,domingo,18173
2023-08-18T04:42:06,AirQualityUnit02,15,454,10,8,4,814,12.1,2023,agosto,18,viernes,7256
2023-08-16T21:21:31,AirQualityUnit02,9,502,15,15,8,82,13.0,2023,agosto,16,miércoles,6628
2023-08-16T03:42,AirQualityUnit01,18,531,12,11,6,0,0.0,2023,agosto,16,miércoles,22925
2023-08-23T08:53:42,AirQualityUnit02,4,443,50,37,23,704,15.6,2023,agosto,23,miércoles,9780
2023-08-06T22:53:09,AirQualityUnit01,27,509,5,5,3,62,14.2,2023,agosto,6,domingo,18610
2023-08-28T02:37,AirQualityUnit01,25,547,16,11,6,0,0.0,2023,agosto,28,lunes,28624
2023-08-08T17:20:50,AirQualityUnit02,14,424,18,13,9,411,20.5,2023,agosto,8,martes,2917
2023-08-13T16:54:59,AirQualityUnit02,1,408,4,4,2,451,19.4,2023,agosto,13,domingo,5182
2023-08-26T05:30:20,AirQualityUnit02,4,519,36,29,17,759,6.7,2023,agosto,26,sábado,11052
2023-08-16T20:58:41,AirQualityUnit02,29,513,28,23,14,816,13.5,2023,agosto,16,miércoles,6622
2023-08-25T20:12,AirQualityUnit01,5,475,11,11,6,482,13.7,2023,agosto,25,viernes,27482
2023-08-19T16:16:10,AirQualityUnit02,19,458,16,13,11,381,26.6,2023,agosto,19,sábado,7966
2023-08-17T17:47,AirQualityUnit01,3,470,6,6,4,426,20.9,2023,agosto,17,jueves,23624
2023-08-24T17:56,AirQualityUnit01,20,484,17,9,5,465,16.6,2023,agosto,24,jueves,27005
2023-08-18T20:08:16,AirQualityUnit02,27,476,49,34,20,0,0.0,2023,agosto,18,viernes,7547
2023-08-09T12:28:57,AirQualityUnit01,8,479,14,14,11,0,0.0,2023,agosto,9,miércoles,19835
2023-08-20T14:41:42,AirQualityUnit02,15,476,21,15,10,402,25.8,2023,agosto,20,domingo,8420
2023-08-11T15:39:35,AirQualityUnit01,30,414,3,3,1,40,21.7,2023,agosto,11,viernes,20784
2023-08-28T01:13,AirQualityUnit01,16,562,12,12,6,653,9.1,2023,agosto,28,lunes,28593
2023-08-14T01:37:11,AirQualityUnit02,4,438,3,3,2,722,10.4,2023,agosto,14,lunes,5368
2023-08-16T00:53:28,AirQualityUnit02,6,457,6,6,3,739,11.4,2023,agosto,16,miércoles,6262
2023-08-07T23:15:59,AirQualityUnit01,17,538,4,4,2,688,13.4,2023,agosto,7,lunes,19126
2023-08-12T17:47:38,AirQualityUnit02,15,425,23,20,16,408,20.6,2023,agosto,12,sábado,4710
2023-08-12T14:59:24,AirQualityUnit02,27,427,10,8,7,387,23.5,2023,agosto,12,sábado,4655
2023-08-28T05:35:02,AirQualityUnit02,27,515,16,16,11,769,7.1,2023,agosto,28,lunes,12100
2023-08-27T23:12:58,AirQualityUnit02,29,463,15,15,10,661,11.3,2023,agosto,27,domingo,11948
2023-08-30T04:04:45,AirQualityUnit02,6,466,16,16,8,0,0.0,2023,agosto,30,miércoles,12945
2023-08-15T05:55:37,AirQualityUnit02,15,489,23,17,10,705,12.0,2023,agosto,15,martes,5933
2023-08-25T07:29:05,AirQualityUnit02,18,535,31,25,16,0,0.0,2023,agosto,25,viernes,10640
2023-08-21T19:06:29,AirQualityUnit02,29,407,3,3,2,622,17.7,2023,agosto,21,lunes,9032
2023-08-24T01:44,AirQualityUnit01,17,501,4,4,3,499,12.4,2023,agosto,24,jueves,26684
2023-08-27T02:02,AirQualityUnit01,29,527,10,10,7,629,7.2,2023,agosto,27,domingo,28093
2023-08-23T18:53:53,AirQualityUnit02,15,428,48,35,24,451,18.7,2023,agosto,23,miércoles,9931
2023-08-07T01:17:26,AirQualityUnit02,5,589,11,10,7,0,0.0,2023,agosto,7,lunes,2094
2023-08-13T05:24:59,AirQualityUnit02,10,492,11,10,7,802,10.3,2023,agosto,13,domingo,4940
2023-08-18T08:58,AirQualityUnit01,7,510,18,17,8,577,18.2,2023,agosto,18,viernes,23935
2023-08-07T14:44:16,AirQualityUnit01,19,423,1,1,0,42,24.9,2023,agosto,7,lunes,18961
2023-08-30T13:52:02,AirQualityUnit02,10,507,9,4,2,371,23.6,2023,agosto,30,miércoles,13129
2023-08-16T15:04,AirQualityUnit01,6,407,29,23,17,356,27.2,2023,agosto,16,miércoles,23136
2023-08-21T03:51:17,AirQualityUnit02,23,584,15,14,9,851,13.0,2023,agosto,21,lunes,8697
2023-08-09T06:09:02,AirQualityUnit01,11,567,53,43,26,688,9.2,2023,agosto,9,miércoles,19725
2023-08-11T18:45:48,AirQualityUnit01,27,476,18,12,6,0,0.0,2023,agosto,11,viernes,20822
2023-08-21T07:01,AirQualityUnit01,13,556,46,37,19,0,0.0,2023,agosto,21,lunes,25375
2023-08-17T16:48:27,AirQualityUnit02,13,442,8,6,4,355,24.2,2023,agosto,17,jueves,7005
2023-08-28T01:20,AirQualityUnit01,19,551,12,12,6,663,9.0,2023,agosto,28,lunes,28596
2023-08-26T06:32:57,AirQualityUnit02,3,508,24,24,16,777,6.3,2023,agosto,26,sábado,11080
2023-08-22T08:48:10,AirQualityUnit02,21,447,12,9,5,724,15.1,2023,agosto,22,martes,9332
2023-08-26T08:08:27,AirQualityUnit02,18,479,30,26,18,654,11.8,2023,agosto,26,sábado,11115
2023-08-24T21:32:17,AirQualityUnit02,10,441,20,17,12,598,14.0,2023,agosto,24,jueves,10427
2023-08-20T10:36:34,AirQualityUnit02,21,492,37,26,18,544,21.5,2023,agosto,20,domingo,8335
2023-08-06T05:20:27,AirQualityUnit01,16,560,13,13,6,738,10.0,2023,agosto,6,domingo,18263
2023-08-17T14:55,AirQualityUnit01,13,409,1,1,1,327,27.9,2023,agosto,17,jueves,23575
2023-08-09T09:53:16,AirQualityUnit01,26,533,31,23,14,631,15.1,2023,agosto,9,miércoles,19798
2023-08-17T01:59:49,AirQualityUnit02,19,484,13,10,6,848,11.5,2023,agosto,17,jueves,6726
2023-08-21T14:44,AirQualityUnit01,18,409,4,4,3,0,0.0,2023,agosto,21,lunes,25543
2023-08-27T06:42:09,AirQualityUnit02,18,514,21,18,10,787,4.0,2023,agosto,27,domingo,11594
2023-08-23T16:24,AirQualityUnit01,26,402,7,7,4,308,24.4,2023,agosto,23,miércoles,26508
2023-08-26T11:20:08,AirQualityUnit02,17,445,33,17,9,315,23.9,2023,agosto,26,sábado,11183
2023-08-22T15:12,AirQualityUnit01,11,441,13,12,8,464,20.8,2023,agosto,22,martes,26037
2023-08-19T19:58,AirQualityUnit01,25,497,11,9,5,577,17.5,2023,agosto,19,sábado,24637
2023-08-22T23:56,AirQualityUnit01,16,492,4,4,2,592,13.1,2023,agosto,22,martes,26183
2023-08-07T14:19:05,AirQualityUnit01,7,456,1,0,0,464,22.9,2023,agosto,7,lunes,18953
2023-08-29T07:44,AirQualityUnit01,29,549,35,26,16,668,11.2,2023,agosto,29,martes,29234
2023-08-21T09:13:04,AirQualityUnit02,23,482,53,36,23,599,22.5,2023,agosto,21,lunes,8811
2023-08-25T03:55,AirQualityUnit01,30,526,11,10,6,649,10.0,2023,agosto,25,viernes,27203
2023-08-13T19:26:35,AirQualityUnit02,12,429,8,6,3,558,15.1,2023,agosto,13,domingo,5234
2023-08-17T13:39:51,AirQualityUnit02,15,487,10,2,1,336,27.2,2023,agosto,17,jueves,6955
2023-08-01T04:29:39,AirQualityUnit01,5,530,7,7,5,674,12.4,2023,agosto,1,martes,16681
2023-08-30T05:27:53,AirQualityUnit02,15,467,4,4,2,784,11.5,2023,agosto,30,miércoles,12974
2023-08-15T08:12,AirQualityUnit01,12,529,12,8,5,576,15.4,2023,agosto,15,martes,22582
2023-08-22T01:27,AirQualityUnit01,17,508,0,0,0,73,12.4,2023,agosto,22,martes,25761
2023-08-31T20:59:31,AirQualityUnit02,21,436,15,14,10,559,14.0,2023,agosto,31,jueves,13706
2023-08-22T11:10,AirQualityUnit01,18,498,13,13,8,601,17.1,2023,agosto,22,martes,25973
2023-08-18T19:57:49,AirQualityUnit02,22,456,29,16,10,705,14.0,2023,agosto,18,viernes,7542
2023-08-30T06:07:46,AirQualityUnit02,3,510,43,34,20,797,11.5,2023,agosto,30,miércoles,12989
2023-08-10T08:47:37,AirQualityUnit01,6,515,40,32,16,671,13.2,2023,agosto,10,jueves,20218
2023-08-22T13:23:49,AirQualityUnit02,30,449,19,13,9,537,20.2,2023,agosto,22,martes,9409
2023-08-21T19:31:36,AirQualityUnit02,10,409,11,8,7,0,0.0,2023,agosto,21,lunes,9042
2023-08-17T11:57:51,AirQualityUnit02,28,444,12,12,8,40,28.2,2023,agosto,17,jueves,6926
2023-08-26T04:16,AirQualityUnit01,21,540,19,17,10,679,6.6,2023,agosto,26,sábado,27655
2023-08-07T17:02:02,AirQualityUnit02,25,440,22,14,9,489,19.8,2023,agosto,7,lunes,2435
2023-08-09T04:02,AirQualityUnit01,12,557,12,12,7,693,8.6,2023,agosto,9,miércoles,19675
2023-08-23T04:03,AirQualityUnit01,10,514,6,6,4,73,8.9,2023,agosto,23,miércoles,26278
2023-08-16T18:50:01,AirQualityUnit02,29,514,31,21,18,821,13.8,2023,agosto,16,miércoles,6581
2023-08-29T00:27,AirQualityUnit01,5,505,10,7,3,63,11.7,2023,agosto,29,martes,29064
2023-08-17T14:21,AirQualityUnit01,28,409,5,3,1,332,28.7,2023,agosto,17,jueves,23568
2023-08-18T20:37,AirQualityUnit01,3,560,18,14,10,0,0.0,2023,agosto,18,viernes,24142
2023-08-09T23:34:01,AirQualityUnit01,19,539,11,10,5,0,0.0,2023,agosto,9,miércoles,20011
2023-08-10T04:04:08,AirQualityUnit01,25,555,25,19,11,772,8.8,2023,agosto,10,jueves,20109
2023-08-29T08:05,AirQualityUnit01,8,540,28,27,15,658,12.0,2023,agosto,29,martes,29243
2023-08-10T19:24:29,AirQualityUnit01,3,476,14,8,4,527,17.0,2023,agosto,10,jueves,20384
2023-08-28T04:56,AirQualityUnit01,30,549,15,14,8,0,0.0,2023,agosto,28,lunes,28678
2023-08-14T01:39:17,AirQualityUnit02,5,430,5,3,2,722,10.3,2023,agosto,14,lunes,5369
2023-08-05T23:10:03,AirQualityUnit02,26,433,15,13,8,0,0.0,2023,agosto,5,sábado,1559
2023-08-31T03:17:24,AirQualityUnit02,26,461,11,11,7,755,10.1,2023,agosto,31,jueves,13390
2023-08-22T07:21:04,AirQualityUnit02,10,465,25,18,14,791,13.9,2023,agosto,22,martes,9300
2023-08-25T17:58:53,AirQualityUnit02,12,432,15,13,9,0,0.0,2023,agosto,25,viernes,10819
2023-08-24T12:25,AirQualityUnit01,15,426,10,9,6,356,22.0,2023,agosto,24,jueves,26909
2023-08-13T10:40:55,AirQualityUnit02,7,482,6,6,5,0,0.0,2023,agosto,13,domingo,5053
2023-08-17T10:28:45,AirQualityUnit02,16,548,24,16,10,472,24.4,2023,agosto,17,jueves,6901
2023-08-10T17:23:07,AirQualityUnit02,9,419,14,10,6,438,21.1,2023,agosto,10,jueves,3798
2023-08-17T12:45:50,AirQualityUnit02,20,519,11,7,4,348,27.5,2023,agosto,17,jueves,6939
2023-08-15T21:31,AirQualityUnit01,26,512,10,10,6,603,13.8,2023,agosto,15,martes,22788
2023-08-22T19:24:50,AirQualityUnit02,18,425,22,17,14,547,15.9,2023,agosto,22,martes,9490
2023-08-20T20:43:05,AirQualityUnit02,3,455,28,22,16,753,15.0,2023,agosto,20,domingo,8537
2023-08-16T15:27,AirQualityUnit01,17,409,16,14,9,383,26.9,2023,agosto,16,miércoles,23139
2023-08-31T08:25,AirQualityUnit01,9,483,27,22,14,563,16.6,2023,agosto,31,jueves,30110
2023-08-05T19:32:12,AirQualityUnit01,12,494,11,11,8,559,15.8,2023,agosto,5,sábado,18051
2023-08-17T15:05,AirQualityUnit01,18,406,2,2,1,329,28.2,2023,agosto,17,jueves,23580
2023-08-25T03:14,AirQualityUnit01,10,518,10,10,6,638,10.5,2023,agosto,25,viernes,27185
2023-08-17T11:08:04,AirQualityUnit02,4,519,37,30,21,449,25.3,2023,agosto,17,jueves,6910
2023-08-13T18:37:31,AirQualityUnit01,13,480,10,5,2,0,0.0,2023,agosto,13,domingo,21820
2023-08-12T19:58:12,AirQualityUnit02,16,407,5,4,3,524,17.2,2023,agosto,12,sábado,4746
2023-08-27T12:13:39,AirQualityUnit02,22,540,8,8,5,305,26.1,2023,agosto,27,domingo,11715
2023-08-22T08:04,AirQualityUnit01,22,530,25,19,12,701,15.0,2023,agosto,22,martes,25909
2023-08-15T14:52:38,AirQualityUnit02,26,455,7,5,3,404,22.0,2023,agosto,15,martes,6089
2023-08-11T07:23:22,AirQualityUnit02,11,478,24,20,14,752,14.1,2023,agosto,11,viernes,4076
2023-08-17T15:44:12,AirQualityUnit02,13,448,3,2,1,328,27.0,2023,agosto,17,jueves,6985
2023-08-20T15:56:25,AirQualityUnit02,20,447,8,7,5,53,20.4,2023,agosto,20,domingo,8446
2023-08-28T07:23:17,AirQualityUnit02,17,498,44,32,22,0,0.0,2023,agosto,28,lunes,12139
2023-08-28T22:01:48,AirQualityUnit02,6,437,12,12,8,629,14.4,2023,agosto,28,lunes,12414
2023-08-05T17:48:01,AirQualityUnit02,26,433,15,9,7,435,21.7,2023,agosto,5,sábado,1458
2023-08-15T11:31,AirQualityUnit01,15,437,8,4,2,431,20.4,2023,agosto,15,martes,22640
2023-08-29T16:01:06,AirQualityUnit02,30,461,28,12,5,0,0.0,2023,agosto,29,martes,12772
2023-08-14T05:14:33,AirQualityUnit01,9,542,14,11,6,693,9.9,2023,agosto,14,lunes,22060
2023-08-25T05:23,AirQualityUnit01,10,550,30,17,11,692,8.6,2023,agosto,25,viernes,27235
2023-08-19T06:39,AirQualityUnit01,13,586,28,27,17,76,11.8,2023,agosto,19,sábado,24362
2023-08-18T05:21,AirQualityUnit01,27,577,38,34,21,73,12.1,2023,agosto,18,viernes,23859
2023-08-14T17:29:44,AirQualityUnit02,28,484,12,12,8,362,22.3,2023,agosto,14,lunes,5678
2023-08-19T10:53:39,AirQualityUnit02,19,524,24,14,12,373,26.7,2023,agosto,19,sábado,7860
2023-08-05T22:59:54,AirQualityUnit01,19,525,7,7,4,672,11.6,2023,agosto,5,sábado,18119
2023-08-18T19:26:36,AirQualityUnit02,7,459,20,14,10,0,0.0,2023,agosto,18,viernes,7530
2023-08-30T19:09:03,AirQualityUnit02,8,430,33,22,14,539,15.9,2023,agosto,30,miércoles,13217
2023-08-28T11:53:38,AirQualityUnit02,23,500,10,9,6,353,23.6,2023,agosto,28,lunes,12230
2023-08-05T01:15:42,AirQualityUnit02,16,471,5,4,2,718,12.1,2023,agosto,5,sábado,1228
2023-08-03T20:17:52,AirQualityUnit02,16,441,12,5,2,0,0.0,2023,agosto,3,jueves,794
2023-08-29T07:34,AirQualityUnit01,24,552,13,12,8,667,10.9,2023,agosto,29,martes,29230
2023-08-06T18:27:27,AirQualityUnit01,23,468,9,8,4,336,4.8,2023,agosto,6,domingo,18525
2023-08-03T01:24:44,AirQualityUnit02,29,456,21,20,12,827,11.8,2023,agosto,3,jueves,542
2023-08-06T18:17:06,AirQualityUnit02,20,410,17,16,12,491,18.2,2023,agosto,6,domingo,1952
2023-08-14T07:12:31,AirQualityUnit02,10,498,36,31,22,765,10.8,2023,agosto,14,lunes,5502
2023-08-06T00:41:37,AirQualityUnit01,6,534,9,9,6,676,11.1,2023,agosto,6,domingo,18153
2023-08-28T05:42,AirQualityUnit01,21,566,39,22,14,0,0.0,2023,agosto,28,lunes,28692
2023-08-19T03:18:10,AirQualityUnit02,17,490,17,15,10,806,12.1,2023,agosto,19,sábado,7690
2023-08-17T02:06,AirQualityUnit01,15,546,11,10,6,774,11.4,2023,agosto,17,jueves,23328
2023-08-02T16:43:34,AirQualityUnit01,24,409,7,6,3,387,21.6,2023,agosto,2,miércoles,16996
2023-08-11T14:39:26,AirQualityUnit01,1,411,2,2,1,399,23.2,2023,agosto,11,viernes,20768
2023-08-26T21:09,AirQualityUnit01,12,485,21,18,12,558,11.8,2023,agosto,26,sábado,27998
2023-08-21T12:39:10,AirQualityUnit02,29,457,21,16,11,457,23.9,2023,agosto,21,lunes,8888
2023-08-14T22:32:48,AirQualityUnit02,19,416,2,1,0,566,14.8,2023,agosto,14,lunes,5765
2023-08-25T03:52:54,AirQualityUnit02,7,511,17,15,10,727,10.0,2023,agosto,25,viernes,10561
2023-08-28T05:54,AirQualityUnit01,27,567,18,18,10,697,7.1,2023,agosto,28,lunes,28697
2023-08-19T15:59,AirQualityUnit01,3,408,21,18,13,346,27.8,2023,agosto,19,sábado,24554
2023-08-27T08:43,AirQualityUnit01,5,481,36,25,15,532,14.6,2023,agosto,27,domingo,28241
2023-08-23T01:59,AirQualityUnit01,13,507,11,10,6,695,10.6,2023,agosto,23,miércoles,26230
2023-08-09T08:03:31,AirQualityUnit01,4,572,46,35,21,723,10.0,2023,agosto,9,miércoles,19765
2023-08-13T10:30:44,AirQualityUnit01,27,420,7,7,5,0,0.0,2023,agosto,13,domingo,21649
2023-08-16T23:05,AirQualityUnit01,21,555,9,7,4,766,11.4,2023,agosto,16,miércoles,23266
2023-08-26T23:54:24,AirQualityUnit02,8,447,18,17,10,664,8.9,2023,agosto,26,sábado,11443
2023-08-25T08:21:08,AirQualityUnit02,12,522,31,26,17,556,18.1,2023,agosto,25,viernes,10660
2023-08-31T04:02,AirQualityUnit01,7,542,13,13,8,0,0.0,2023,agosto,31,jueves,30010
2023-08-31T09:01,AirQualityUnit01,26,474,27,22,14,0,0.0,2023,agosto,31,jueves,30125
2023-08-30T22:05,AirQualityUnit01,21,504,19,10,7,59,11.8,2023,agosto,30,miércoles,29885
2023-08-27T10:50,AirQualityUnit01,4,478,20,18,12,36,21.3,2023,agosto,27,domingo,28288
2023-08-08T21:56:04,AirQualityUnit02,23,443,21,19,14,611,12.5,2023,agosto,8,martes,2996
2023-08-22T02:02:18,AirQualityUnit02,12,540,0,0,0,795,12.5,2023,agosto,22,martes,9175
2023-08-31T16:30:02,AirQualityUnit02,15,465,16,11,6,378,21.5,2023,agosto,31,jueves,13636
2023-08-22T03:15,AirQualityUnit01,7,523,0,0,0,761,11.8,2023,agosto,22,martes,25794
2023-08-31T13:23:42,AirQualityUnit02,18,484,8,8,6,34,23.0,2023,agosto,31,jueves,13592
2023-08-04T08:43:11,AirQualityUnit01,30,505,35,23,14,624,14.8,2023,agosto,4,viernes,17537
2023-08-18T17:39:09,AirQualityUnit02,17,465,10,9,6,0,0.0,2023,agosto,18,viernes,7504
2023-08-25T00:07,AirQualityUnit01,13,533,21,18,10,58,13.2,2023,agosto,25,viernes,27125
2023-08-21T08:44:05,AirQualityUnit02,9,449,34,25,16,0,0.0,2023,agosto,21,lunes,8800
2023-08-06T07:43:45,AirQualityUnit01,23,558,25,24,14,649,13.4,2023,agosto,6,domingo,18319
2023-08-10T23:02:34,AirQualityUnit01,15,467,3,3,2,644,14.1,2023,agosto,10,jueves,20459
2023-08-10T08:02:06,AirQualityUnit01,15,530,52,38,23,721,11.9,2023,agosto,10,jueves,20205
2023-08-22T03:33:54,AirQualityUnit02,25,465,1,1,0,819,12.0,2023,agosto,22,martes,9212
2023-08-27T21:13,AirQualityUnit01,24,518,22,13,8,543,13.4,2023,agosto,27,domingo,28506
2023-08-07T18:37:22,AirQualityUnit01,7,491,8,8,5,598,16.0,2023,agosto,7,lunes,19036
2023-08-04T21:38:56,AirQualityUnit02,5,442,8,8,5,626,14.5,2023,agosto,4,viernes,1150
2023-08-31T12:49,AirQualityUnit01,12,407,7,6,4,325,25.0,2023,agosto,31,jueves,30185
2023-08-12T12:44:31,AirQualityUnit02,24,437,5,5,3,402,22.9,2023,agosto,12,sábado,4612
2023-08-28T18:04,AirQualityUnit01,6,503,13,12,7,453,17.5,2023,agosto,28,lunes,28935
2023-08-21T08:23:02,AirQualityUnit02,30,457,34,30,18,749,16.5,2023,agosto,21,lunes,8793
2023-08-31T18:29,AirQualityUnit01,20,476,12,8,4,44,17.1,2023,agosto,31,jueves,30278
2023-08-14T07:25:43,AirQualityUnit01,10,511,23,20,12,639,13.2,2023,agosto,14,lunes,22108
2023-08-27T12:05,AirQualityUnit01,9,428,7,7,5,305,26.2,2023,agosto,27,domingo,28312
2023-08-20T00:04:02,AirQualityUnit02,27,406,7,7,5,693,16.0,2023,agosto,20,domingo,8112
2023-08-19T10:11:59,AirQualityUnit02,30,482,19,14,11,448,24.7,2023,agosto,19,sábado,7844
2023-08-03T00:03:36,AirQualityUnit02,21,458,6,6,3,811,12.0,2023,agosto,3,jueves,515
2023-08-30T06:47:24,AirQualityUnit02,22,494,18,13,10,778,11.8,2023,agosto,30,miércoles,13006
2023-08-09T20:10:22,AirQualityUnit01,14,528,20,15,9,629,13.2,2023,agosto,9,miércoles,19941
2023-08-07T10:45:18,AirQualityUnit02,30,472,20,17,11,651,20.4,2023,agosto,7,lunes,2300
2023-08-30T18:54,AirQualityUnit01,22,501,14,14,8,509,15.5,2023,agosto,30,miércoles,29821
2023-08-26T02:09,AirQualityUnit01,22,522,14,11,5,62,7.9,2023,agosto,26,sábado,27604
2023-08-26T06:39,AirQualityUnit01,28,553,33,28,18,698,7.0,2023,agosto,26,sábado,27707
2023-08-29T08:10,AirQualityUnit01,10,535,37,28,17,653,12.3,2023,agosto,29,martes,29245
2023-08-10T23:54:28,AirQualityUnit02,12,453,4,4,3,687,13.7,2023,agosto,10,jueves,3913
2023-08-03T00:51:33,AirQualityUnit02,13,489,21,20,12,831,11.7,2023,agosto,3,jueves,532
2023-08-19T03:26:28,AirQualityUnit02,21,489,52,37,26,805,12.2,2023,agosto,19,sábado,7693
2023-08-31T05:01,AirQualityUnit01,4,532,35,24,14,686,10.0,2023,agosto,31,jueves,30036
2023-08-21T10:51,AirQualityUnit01,30,413,9,7,4,0,0.0,2023,agosto,21,lunes,25458
2023-08-01T17:42:11,AirQualityUnit02,16,406,6,5,3,468,17.6,2023,agosto,1,martes,253
2023-08-07T06:10:47,AirQualityUnit02,22,543,29,23,14,0,0.0,2023,agosto,7,lunes,2204
2023-08-21T00:22,AirQualityUnit01,7,597,12,12,7,731,13.3,2023,agosto,21,lunes,25223
2023-08-23T01:28:11,AirQualityUnit02,7,451,11,9,6,729,11.4,2023,agosto,23,miércoles,9608
2023-08-08T17:51:52,AirQualityUnit02,29,419,11,8,5,432,19.2,2023,agosto,8,martes,2927
2023-08-18T11:49:01,AirQualityUnit02,3,431,20,13,9,401,26.8,2023,agosto,18,viernes,7407
2023-08-26T14:25,AirQualityUnit01,4,405,4,4,2,30,25.0,2023,agosto,26,sábado,27863
2023-08-13T21:28:20,AirQualityUnit01,2,493,6,5,2,564,13.5,2023,agosto,13,domingo,21883
2023-08-11T08:50:46,AirQualityUnit02,22,410,14,11,7,64,16.8,2023,agosto,11,viernes,4106
2023-08-18T03:50,AirQualityUnit01,14,573,14,13,8,719,12.1,2023,agosto,18,viernes,23822
2023-08-22T07:14:53,AirQualityUnit02,7,462,25,20,13,796,13.7,2023,agosto,22,martes,9298
2023-08-09T15:58:32,AirQualityUnit02,18,421,5,3,2,477,22.8,2023,agosto,9,miércoles,3331
2023-08-13T19:37:54,AirQualityUnit01,11,485,12,11,7,526,14.4,2023,agosto,13,domingo,21841
2023-08-25T23:18:54,AirQualityUnit02,11,459,15,10,6,628,9.9,2023,agosto,25,viernes,10920
2023-08-28T18:07:18,AirQualityUnit02,17,409,33,27,20,496,18.1,2023,agosto,28,lunes,12342
2023-08-16T01:20,AirQualityUnit01,12,542,7,4,3,675,11.4,2023,agosto,16,miércoles,22867
2023-08-08T10:36:53,AirQualityUnit02,5,455,43,33,25,378,22.4,2023,agosto,8,martes,2800
2023-08-24T23:51:27,AirQualityUnit02,15,464,14,13,8,625,13.8,2023,agosto,24,jueves,10472
2023-08-05T21:18:08,AirQualityUnit01,1,527,15,12,8,616,13.6,2023,agosto,5,sábado,18082
2023-08-04T09:56:04,AirQualityUnit01,3,461,12,12,7,519,18.9,2023,agosto,4,viernes,17561
2023-08-27T19:47:32,AirQualityUnit02,23,439,22,22,14,525,16.3,2023,agosto,27,domingo,11880
2023-08-18T01:48:50,AirQualityUnit02,25,427,4,3,1,0,0.0,2023,agosto,18,viernes,7184
2023-08-09T09:20:14,AirQualityUnit01,10,521,14,13,10,66,13.7,2023,agosto,9,miércoles,19790
2023-08-21T17:07:54,AirQualityUnit02,3,437,7,4,3,506,21.1,2023,agosto,21,lunes,8985
2023-08-23T11:02:23,AirQualityUnit02,4,478,4,4,3,317,24.2,2023,agosto,23,miércoles,9820
2023-08-24T02:37:59,AirQualityUnit02,21,408,8,7,3,575,11.8,2023,agosto,24,jueves,10084
2023-08-03T16:49:13,AirQualityUnit01,5,432,5,5,4,0,0.0,2023,agosto,3,jueves,17323
2023-08-19T14:59:19,AirQualityUnit02,13,426,17,12,9,332,27.3,2023,agosto,19,sábado,7943
2023-08-11T04:47:11,AirQualityUnit02,29,475,12,11,6,0,0.0,2023,agosto,11,viernes,4018
2023-08-30T04:40,AirQualityUnit01,14,546,33,26,15,75,10.9,2023,agosto,30,miércoles,29565
2023-08-31T05:53:34,AirQualityUnit02,8,499,33,27,19,768,9.3,2023,agosto,31,jueves,13448
2023-08-17T12:40,AirQualityUnit01,10,415,6,6,3,363,28.1,2023,agosto,17,jueves,23542
2023-08-12T00:49:31,AirQualityUnit01,16,512,12,12,7,639,11.2,2023,agosto,12,sábado,20935
2023-08-18T21:37:35,AirQualityUnit02,8,481,29,23,15,754,13.0,2023,agosto,18,viernes,7576
2023-08-19T08:07:31,AirQualityUnit02,1,491,27,19,13,688,16.5,2023,agosto,19,sábado,7801
2023-08-30T00:37,AirQualityUnit01,21,506,4,4,2,665,12.2,2023,agosto,30,miércoles,29477
2023-08-13T18:52:05,AirQualityUnit01,20,478,6,6,4,0,0.0,2023,agosto,13,domingo,21827
2023-08-01T19:08:49,AirQualityUnit01,24,473,2,2,1,503,13.9,2023,agosto,1,martes,16856
2023-08-11T22:53,AirQualityUnit01,22,515,6,6,2,599,12.2,2023,agosto,11,viernes,20901
2023-08-23T04:05,AirQualityUnit01,11,514,6,6,4,732,8.9,2023,agosto,23,miércoles,26279
2023-08-25T22:03:47,AirQualityUnit02,6,429,18,15,9,0,0.0,2023,agosto,25,viernes,10894
2023-08-17T07:12,AirQualityUnit01,7,581,51,39,23,776,12.3,2023,agosto,17,jueves,23444
2023-08-07T14:03:12,AirQualityUnit02,1,499,6,4,2,521,22.0,2023,agosto,7,lunes,2369
2023-08-30T06:43,AirQualityUnit01,11,547,47,34,22,0,0.0,2023,agosto,30,miércoles,29610
2023-08-09T05:37:41,AirQualityUnit02,28,477,50,34,23,767,9.1,2023,agosto,9,miércoles,3167
2023-08-11T23:29:34,AirQualityUnit02,13,460,8,8,6,673,11.7,2023,agosto,11,viernes,4336
2023-08-28T00:19,AirQualityUnit01,21,534,10,9,5,607,10.5,2023,agosto,28,lunes,28573
2023-08-20T13:10:34,AirQualityUnit02,2,475,8,7,4,46,25.0,2023,agosto,20,domingo,8391
2023-08-10T06:30:29,AirQualityUnit01,2,552,38,27,15,785,8.8,2023,agosto,10,jueves,20168
2023-08-17T15:23:21,AirQualityUnit02,3,417,3,2,1,337,27.4,2023,agosto,17,jueves,6982
2023-08-28T11:46,AirQualityUnit01,10,436,10,10,6,382,21.6,2023,agosto,28,lunes,28818
2023-08-22T20:02:21,AirQualityUnit02,5,426,20,17,14,566,15.2,2023,agosto,22,martes,9504
2023-08-30T16:58:33,AirQualityUnit02,7,461,6,6,4,424,22.1,2023,agosto,30,miércoles,13181
2023-08-18T10:48,AirQualityUnit01,29,448,11,11,7,427,23.4,2023,agosto,18,viernes,23970
2023-08-26T06:43,AirQualityUnit01,30,548,32,29,17,0,0.0,2023,agosto,26,sábado,27708
2023-08-30T01:51:37,AirQualityUnit02,4,463,11,11,5,788,11.8,2023,agosto,30,miércoles,12895
2023-08-13T18:57:18,AirQualityUnit02,29,432,12,11,7,0,0.0,2023,agosto,13,domingo,5222
2023-08-12T08:37:31,AirQualityUnit02,29,470,22,19,11,664,15.7,2023,agosto,12,sábado,4538
2023-08-30T07:34,AirQualityUnit01,4,557,50,33,19,691,12.7,2023,agosto,30,miércoles,29632
2023-08-27T11:50:47,AirQualityUnit02,11,525,7,7,4,295,26.1,2023,agosto,27,domingo,11706
2023-08-14T20:43:39,AirQualityUnit01,22,467,2,1,0,499,15.0,2023,agosto,14,lunes,22333
2023-08-17T08:48,AirQualityUnit01,22,492,19,19,12,637,18.0,2023,agosto,17,jueves,23481
2023-08-26T06:54,AirQualityUnit01,4,551,32,28,17,681,8.1,2023,agosto,26,sábado,27711
2023-08-07T23:10:38,AirQualityUnit02,16,487,11,6,2,748,13.4,2023,agosto,7,lunes,2554
2023-08-23T23:43:10,AirQualityUnit02,30,406,7,5,3,496,14.9,2023,agosto,23,miércoles,10021
2023-08-06T13:43:09,AirQualityUnit01,10,408,0,0,0,363,25.1,2023,agosto,6,domingo,18439
2023-08-30T23:47,AirQualityUnit01,8,513,11,11,7,62,11.0,2023,agosto,30,miércoles,29917
2023-08-12T21:13:39,AirQualityUnit01,16,497,16,15,8,0,0.0,2023,agosto,12,sábado,21356
2023-08-21T22:01:17,AirQualityUnit02,20,473,4,4,3,788,14.5,2023,agosto,21,lunes,9093
2023-08-26T17:06:48,AirQualityUnit02,29,405,9,8,5,381,19.1,2023,agosto,26,sábado,11298
2023-08-31T05:59:51,AirQualityUnit02,11,498,40,31,23,771,9.2,2023,agosto,31,jueves,13451
2023-08-16T01:33:01,AirQualityUnit02,25,458,6,6,3,0,0.0,2023,agosto,16,miércoles,6277
2023-08-11T17:18:55,AirQualityUnit01,16,420,15,8,3,404,21.9,2023,agosto,11,viernes,20801
2023-08-16T05:42,AirQualityUnit01,14,537,11,10,5,72,9.4,2023,agosto,16,miércoles,22971
2023-08-03T03:02:55,AirQualityUnit02,14,479,15,14,8,831,11.5,2023,agosto,3,jueves,577
2023-08-16T23:55,AirQualityUnit01,14,553,7,6,4,773,11.3,2023,agosto,16,miércoles,23283
2023-08-12T08:38:57,AirQualityUnit01,25,478,20,15,9,601,16.2,2023,agosto,12,sábado,21108
2023-08-06T00:41:39,AirQualityUnit02,8,457,5,5,3,737,11.1,2023,agosto,6,domingo,1592
2023-08-10T13:06:41,AirQualityUnit02,9,498,15,11,7,437,22.7,2023,agosto,10,jueves,3738
2023-08-23T17:58:02,AirQualityUnit02,19,414,12,7,3,421,19.7,2023,agosto,23,miércoles,9916
2023-08-23T02:31,AirQualityUnit01,28,506,12,10,7,727,10.1,2023,agosto,23,miércoles,26243
2023-08-18T13:34:37,AirQualityUnit02,23,545,11,11,8,523,20.8,2023,agosto,18,viernes,7435
2023-08-21T11:12,AirQualityUnit01,9,416,5,5,3,0,0.0,2023,agosto,21,lunes,25467
2023-08-16T10:31:56,AirQualityUnit02,5,517,7,7,4,436,22.3,2023,agosto,16,miércoles,6462
2023-08-20T13:20:58,AirQualityUnit02,7,488,45,34,25,441,26.0,2023,agosto,20,domingo,8395
2023-08-14T05:20:50,AirQualityUnit01,12,540,10,10,7,699,9.8,2023,agosto,14,lunes,22063
2023-08-19T15:57,AirQualityUnit01,2,408,17,16,13,349,27.7,2023,agosto,19,sábado,24553
2023-08-24T18:38,AirQualityUnit01,9,488,14,14,7,489,15.2,2023,agosto,24,jueves,27019
2023-08-10T01:45:07,AirQualityUnit02,22,494,7,7,6,814,9.1,2023,agosto,10,jueves,3509
2023-08-21T11:05:21,AirQualityUnit02,15,477,11,10,6,451,23.5,2023,agosto,21,lunes,8851
2023-08-13T15:56:50,AirQualityUnit02,4,473,46,39,28,381,22.9,2023,agosto,13,domingo,5160
2023-08-13T14:05:07,AirQualityUnit01,6,419,1,1,1,0,0.0,2023,agosto,13,domingo,21725
2023-08-07T00:14:18,AirQualityUnit01,4,549,8,7,4,0,0.0,2023,agosto,7,lunes,18638
2023-08-10T01:48:47,AirQualityUnit01,22,530,14,9,6,747,9.1,2023,agosto,10,jueves,20057
2023-08-29T03:02:57,AirQualityUnit02,27,450,8,7,5,732,10.9,2023,agosto,29,martes,12525
2023-08-15T09:51:54,AirQualityUnit02,5,532,28,18,15,0,0.0,2023,agosto,15,martes,6007
2023-08-10T13:41:42,AirQualityUnit02,26,433,35,26,15,51,19.3,2023,agosto,10,jueves,3743
2023-08-12T15:32:33,AirQualityUnit02,12,479,9,2,1,35,23.2,2023,agosto,12,sábado,4665
2023-08-18T20:20:56,AirQualityUnit02,2,454,36,27,17,72,13.8,2023,agosto,18,viernes,7551
2023-08-13T02:30:34,AirQualityUnit02,19,440,34,24,20,0,0.0,2023,agosto,13,domingo,4877
2023-08-30T04:18,AirQualityUnit01,3,546,33,26,15,739,11.2,2023,agosto,30,miércoles,29556
2023-08-24T04:32:32,AirQualityUnit02,14,448,9,8,5,64,10.7,2023,agosto,24,jueves,10130
2023-08-18T00:51,AirQualityUnit01,21,507,7,6,4,653,14.1,2023,agosto,18,viernes,23758
2023-08-12T21:48:11,AirQualityUnit02,7,523,5,3,1,0,0.0,2023,agosto,12,sábado,4777
2023-08-12T22:40:55,AirQualityUnit01,27,494,5,5,2,653,13.4,2023,agosto,12,sábado,21381
2023-08-07T04:15:16,AirQualityUnit01,27,533,7,6,4,0,0.0,2023,agosto,7,lunes,18724
2023-08-22T06:08:23,AirQualityUnit02,6,494,24,12,7,83,12.2,2023,agosto,22,martes,9275
2023-08-05T10:15:25,AirQualityUnit01,23,424,4,3,2,486,19.9,2023,agosto,5,sábado,17888
2023-08-31T18:38,AirQualityUnit01,24,464,6,6,4,441,16.9,2023,agosto,31,jueves,30280
2023-08-22T07:52,AirQualityUnit01,16,539,20,18,12,707,14.6,2023,agosto,22,martes,25903
2023-08-04T23:35:33,AirQualityUnit02,30,432,5,3,2,657,13.7,2023,agosto,4,viernes,1193
2023-08-18T19:48,AirQualityUnit01,10,530,18,17,10,659,13.8,2023,agosto,18,viernes,24129
2023-08-11T10:07:26,AirQualityUnit01,25,415,2,2,1,515,19.1,2023,agosto,11,viernes,20695
2023-08-03T16:19:27,AirQualityUnit02,25,416,6,4,2,427,21.1,2023,agosto,3,jueves,733
2023-08-12T13:50:57,AirQualityUnit02,25,412,21,19,15,437,22.1,2023,agosto,12,sábado,4634
2023-08-02T22:10:28,AirQualityUnit01,26,490,5,3,3,706,12.2,2023,agosto,2,miércoles,17081
2023-08-15T22:09,AirQualityUnit01,13,520,6,6,4,619,13.2,2023,agosto,15,martes,22800
2023-08-08T03:27:19,AirQualityUnit01,14,530,11,10,5,748,10.9,2023,agosto,8,martes,19215
2023-08-09T02:45:07,AirQualityUnit02,7,459,15,10,6,0,0.0,2023,agosto,9,miércoles,3096
2023-08-10T23:37:53,AirQualityUnit02,4,465,13,10,6,0,0.0,2023,agosto,10,jueves,3907
2023-08-22T12:42:36,AirQualityUnit02,10,457,35,23,16,0,0.0,2023,agosto,22,martes,9398
2023-08-14T08:00:47,AirQualityUnit01,27,528,24,17,9,606,15.0,2023,agosto,14,lunes,22117
2023-08-17T01:34:54,AirQualityUnit02,7,511,13,10,6,836,11.6,2023,agosto,17,jueves,6715
2023-08-24T10:52:19,AirQualityUnit02,11,430,20,13,8,423,22.5,2023,agosto,24,jueves,10253
2023-08-17T10:58,AirQualityUnit01,23,481,15,12,6,0,0.0,2023,agosto,17,jueves,23518
2023-08-26T23:32,AirQualityUnit01,19,508,17,14,7,594,9.2,2023,agosto,26,sábado,28042
2023-08-11T17:37:27,AirQualityUnit01,25,449,12,8,5,421,19.4,2023,agosto,11,viernes,20805
2023-08-16T06:49:53,AirQualityUnit02,22,479,36,27,20,0,0.0,2023,agosto,16,miércoles,6398
2023-08-04T07:40:34,AirQualityUnit02,3,500,26,21,13,792,10.3,2023,agosto,4,viernes,932
2023-08-06T23:41:55,AirQualityUnit02,21,461,5,5,2,723,13.2,2023,agosto,6,domingo,2068
2023-08-15T19:06,AirQualityUnit01,18,485,11,11,7,523,17.3,2023,agosto,15,martes,22741
2023-08-10T10:51:22,AirQualityUnit02,6,428,33,28,18,595,18.1,2023,agosto,10,jueves,3710
2023-08-09T11:32:20,AirQualityUnit02,13,440,38,30,20,638,17.9,2023,agosto,9,miércoles,3274
2023-08-10T13:53:41,AirQualityUnit01,30,423,7,7,4,0,0.0,2023,agosto,10,jueves,20289
2023-08-30T03:38,AirQualityUnit01,15,544,7,7,3,0,0.0,2023,agosto,30,miércoles,29541
2023-08-07T21:43:13,AirQualityUnit02,5,469,4,4,3,704,14.7,2023,agosto,7,lunes,2520
2023-08-08T05:57:07,AirQualityUnit01,24,560,38,26,12,801,8.9,2023,agosto,8,martes,19271
2023-08-12T15:26:51,AirQualityUnit01,4,420,5,4,2,362,23.1,2023,agosto,12,sábado,21235
2023-08-15T02:08:31,AirQualityUnit02,30,439,1,1,1,64,12.8,2023,agosto,15,martes,5841
2023-08-11T06:56:19,AirQualityUnit02,29,506,23,21,15,763,13.4,2023,agosto,11,viernes,4068
2023-08-10T08:05:55,AirQualityUnit02,19,504,32,30,18,796,11.9,2023,agosto,10,jueves,3658
2023-08-14T15:41:45,AirQualityUnit01,1,407,6,5,3,361,25.0,2023,agosto,14,lunes,22238
2023-08-29T08:48:14,AirQualityUnit02,7,441,49,38,27,648,15.3,2023,agosto,29,martes,12659
2023-08-06T07:20:50,AirQualityUnit02,14,469,37,30,18,779,11.3,2023,agosto,6,domingo,1740
2023-08-27T03:22:10,AirQualityUnit02,15,472,19,13,8,757,5.8,2023,agosto,27,domingo,11513
2023-08-30T04:27:33,AirQualityUnit02,17,478,16,16,8,0,0.0,2023,agosto,30,miércoles,12952
2023-08-12T09:19:28,AirQualityUnit02,18,507,51,39,29,553,19.6,2023,agosto,12,sábado,4555
2023-08-18T14:53,AirQualityUnit01,23,429,8,8,5,34,26.2,2023,agosto,18,viernes,24042
2023-08-22T09:01,AirQualityUnit01,18,519,19,13,8,661,15.8,2023,agosto,22,martes,25930
2023-08-13T12:18:40,AirQualityUnit02,23,449,7,6,5,39,21.9,2023,agosto,13,domingo,5088
2023-08-29T07:05,AirQualityUnit01,10,564,13,12,8,669,10.7,2023,agosto,29,martes,29219
2023-08-09T02:42:44,AirQualityUnit01,5,541,10,8,4,0,0.0,2023,agosto,9,miércoles,19642
2023-08-16T23:46:52,AirQualityUnit02,17,487,8,7,4,851,11.5,2023,agosto,16,miércoles,6676
2023-08-26T19:06,AirQualityUnit01,15,471,29,25,16,444,15.4,2023,agosto,26,sábado,27955
2023-08-06T19:13:16,AirQualityUnit02,16,406,11,7,3,0,0.0,2023,agosto,6,domingo,1969
2023-08-29T14:21,AirQualityUnit01,3,412,5,4,2,359,24.2,2023,agosto,29,martes,29353
2023-08-07T17:20:50,AirQualityUnit02,3,448,27,19,15,502,19.6,2023,agosto,7,lunes,2441
2023-08-18T15:05,AirQualityUnit01,29,427,8,8,5,357,26.0,2023,agosto,18,viernes,24046
2023-08-29T08:32,AirQualityUnit01,21,504,32,21,13,62,14.3,2023,agosto,29,martes,29253
2023-08-10T09:40:59,AirQualityUnit02,3,448,49,38,27,659,16.9,2023,agosto,10,jueves,3690
2023-08-08T21:34:58,AirQualityUnit01,12,479,7,7,4,533,13.1,2023,agosto,8,martes,19530
2023-08-03T18:03:59,AirQualityUnit01,10,477,23,16,9,477,17.4,2023,agosto,3,jueves,17344
2023-08-06T14:26:30,AirQualityUnit02,2,499,5,5,3,402,24.1,2023,agosto,6,domingo,1875
2023-08-28T03:15:37,AirQualityUnit02,22,459,14,13,7,738,8.3,2023,agosto,28,lunes,12042
2023-08-17T20:20:25,AirQualityUnit02,22,409,9,4,3,629,16.2,2023,agosto,17,jueves,7068
2023-08-06T08:08:40,AirQualityUnit01,4,568,41,32,20,658,13.6,2023,agosto,6,domingo,18326
2023-08-04T15:24:24,AirQualityUnit02,10,467,13,10,7,388,24.9,2023,agosto,4,viernes,1058
2023-08-18T00:05,AirQualityUnit01,30,522,9,7,5,0,0.0,2023,agosto,18,viernes,23744
2023-08-13T15:30:12,AirQualityUnit01,16,421,3,3,2,368,21.3,2023,agosto,13,domingo,21754
2023-08-07T14:57:24,AirQualityUnit02,27,467,3,2,0,425,24.7,2023,agosto,7,lunes,2392
2023-08-30T09:07,AirQualityUnit01,18,461,36,25,13,565,17.3,2023,agosto,30,miércoles,29664
2023-08-24T04:28:22,AirQualityUnit02,12,450,8,8,4,64,10.7,2023,agosto,24,jueves,10128
2023-08-17T14:00:30,AirQualityUnit02,25,466,8,5,4,336,27.2,2023,agosto,17,jueves,6960
2023-08-28T18:08,AirQualityUnit01,8,484,11,8,5,457,17.3,2023,agosto,28,lunes,28936
2023-08-29T06:53,AirQualityUnit01,4,517,13,12,8,688,10.2,2023,agosto,29,martes,29214
2023-08-21T03:09:30,AirQualityUnit02,3,564,17,16,10,0,0.0,2023,agosto,21,lunes,8677
2023-08-26T08:52:14,AirQualityUnit02,8,405,37,30,20,572,16.0,2023,agosto,26,sábado,11130
2023-08-05T17:30,AirQualityUnit01,15,428,6,4,2,422,22.8,2023,agosto,5,sábado,18019
2023-08-07T03:37:49,AirQualityUnit01,9,533,8,6,3,782,11.7,2023,agosto,7,lunes,18708
2023-08-01T10:29:55,AirQualityUnit01,23,431,4,4,3,482,19.3,2023,agosto,1,martes,16793
2023-08-09T07:46:48,AirQualityUnit01,27,587,45,35,22,735,9.9,2023,agosto,9,miércoles,19760
2023-08-09T20:04:10,AirQualityUnit01,11,535,16,14,8,635,13.3,2023,agosto,9,miércoles,19939
2023-08-05T22:30:51,AirQualityUnit01,5,540,9,9,6,667,12.1,2023,agosto,5,sábado,18109
2023-08-25T14:06,AirQualityUnit01,14,423,4,4,2,394,18.9,2023,agosto,25,viernes,27399
2023-08-22T08:46:06,AirQualityUnit02,20,452,12,9,5,723,15.0,2023,agosto,22,martes,9331
2023-08-15T22:42:31,AirQualityUnit02,5,435,15,13,8,695,12.9,2023,agosto,15,martes,6212
2023-08-31T16:27:56,AirQualityUnit02,14,457,16,11,6,375,21.6,2023,agosto,31,jueves,13635
2023-08-25T21:46:54,AirQualityUnit02,29,436,9,9,5,568,12.1,2023,agosto,25,viernes,10888
2023-08-29T12:10:55,AirQualityUnit02,12,496,10,9,6,366,23.1,2023,agosto,29,martes,12710
2023-08-18T19:16,AirQualityUnit01,26,536,29,29,21,669,14.3,2023,agosto,18,viernes,24119
2023-08-18T05:50:53,AirQualityUnit02,17,474,28,20,13,806,12.1,2023,agosto,18,viernes,7282
2023-08-21T22:38,AirQualityUnit01,29,509,1,1,1,719,14.1,2023,agosto,21,lunes,25706
2023-08-18T16:45,AirQualityUnit02,22,423,8,7,5,614,18.1,2023,agosto,18,viernes,7486
2023-08-21T12:59:56,AirQualityUnit02,8,459,10,7,5,424,23.2,2023,agosto,21,lunes,8894
2023-08-30T09:22,AirQualityUnit01,25,478,33,22,13,0,0.0,2023,agosto,30,miércoles,29670
2023-08-05T22:55:48,AirQualityUnit01,17,520,13,11,7,672,11.6,2023,agosto,5,sábado,18118
2023-08-23T12:18:51,AirQualityUnit02,10,460,4,4,3,286,24.0,2023,agosto,23,miércoles,9841
2023-08-19T20:42,AirQualityUnit01,15,497,10,10,6,577,17.1,2023,agosto,19,sábado,24651
2023-08-12T22:15:06,AirQualityUnit02,20,498,4,2,1,716,13.4,2023,agosto,12,sábado,4786
2023-08-21T05:42,AirQualityUnit01,6,536,22,22,12,801,13.0,2023,agosto,21,lunes,25345
2023-08-23T22:41,AirQualityUnit01,22,438,5,4,2,501,15.2,2023,agosto,23,miércoles,26622
2023-08-23T10:10:46,AirQualityUnit02,10,480,21,14,9,0,0.0,2023,agosto,23,miércoles,9807
2023-08-18T04:50,AirQualityUnit01,12,570,10,10,6,734,12.2,2023,agosto,18,viernes,23847
2023-08-27T19:37,AirQualityUnit01,9,496,20,14,8,49,16.4,2023,agosto,27,domingo,28471
2023-08-14T23:14:15,AirQualityUnit02,8,433,2,2,1,573,14.4,2023,agosto,14,lunes,5777
2023-08-22T08:30,AirQualityUnit01,3,505,13,13,8,674,15.6,2023,agosto,22,martes,25919
2023-08-04T21:39:34,AirQualityUnit01,1,490,9,8,4,0,0.0,2023,agosto,4,viernes,17748
2023-08-22T08:15,AirQualityUnit01,27,530,25,19,12,69,15.4,2023,agosto,22,martes,25914
2023-08-18T01:59:11,AirQualityUnit02,30,442,4,3,1,738,13.9,2023,agosto,18,viernes,7188
2023-08-29T04:31,AirQualityUnit01,29,539,10,9,5,702,9.3,2023,agosto,29,martes,29157
2023-08-01T00:30:08,AirQualityUnit01,14,520,12,7,4,606,13.3,2023,agosto,1,martes,16585
2023-08-15T22:36,AirQualityUnit01,26,515,17,10,6,629,12.9,2023,agosto,15,martes,22811
2023-08-26T17:18,AirQualityUnit01,25,449,5,5,3,364,18.9,2023,agosto,26,sábado,27923
2023-08-15T20:52,AirQualityUnit01,7,496,13,8,4,586,14.7,2023,agosto,15,martes,22775
2023-08-31T02:44:04,AirQualityUnit02,10,479,15,12,8,744,9.7,2023,agosto,31,jueves,13375
2023-08-26T00:12,AirQualityUnit01,28,495,10,9,5,563,9.3,2023,agosto,26,sábado,27561
2023-08-08T12:03:53,AirQualityUnit01,15,404,3,3,1,358,24.0,2023,agosto,8,martes,19383
2023-08-08T01:11:03,AirQualityUnit02,12,507,5,4,2,79,11.8,2023,agosto,8,martes,2596
2023-08-07T14:42:54,AirQualityUnit02,20,483,3,2,0,464,24.7,2023,agosto,7,lunes,2387
2023-08-17T04:40,AirQualityUnit01,27,565,13,13,7,794,11.6,2023,agosto,17,jueves,23387
2023-08-16T13:13,AirQualityUnit02,21,476,12,8,5,0,0.0,2023,agosto,16,miércoles,6498
2023-08-25T05:07:43,AirQualityUnit02,12,514,16,16,8,756,8.9,2023,agosto,25,viernes,10588
2023-08-31T09:25:36,AirQualityUnit02,17,481,27,20,15,0,0.0,2023,agosto,31,jueves,13524
2023-08-06T18:06:31,AirQualityUnit01,13,477,8,8,5,462,18.0,2023,agosto,6,domingo,18518
2023-08-14T17:23:30,AirQualityUnit02,25,445,10,7,6,354,23.1,2023,agosto,14,lunes,5677
2023-08-15T01:13,AirQualityUnit01,28,501,0,0,0,551,13.3,2023,agosto,15,martes,22427
2023-08-06T07:51:56,AirQualityUnit02,29,470,30,27,19,756,12.2,2023,agosto,6,domingo,1752
2023-08-09T22:15:30,AirQualityUnit02,14,465,9,6,4,0,0.0,2023,agosto,9,miércoles,3433
2023-08-20T20:58,AirQualityUnit01,2,545,9,9,5,711,14.4,2023,agosto,20,domingo,25153
2023-08-28T14:44,AirQualityUnit01,3,445,7,7,4,407,19.4,2023,agosto,28,lunes,28871
2023-08-13T01:21:36,AirQualityUnit02,17,440,3,3,1,0,0.0,2023,agosto,13,domingo,4846
2023-08-03T08:12:42,AirQualityUnit01,4,533,45,35,19,707,13.9,2023,agosto,3,jueves,17198
2023-08-30T11:10,AirQualityUnit01,15,440,6,6,3,412,21.8,2023,agosto,30,miércoles,29705
2023-08-22T07:54,AirQualityUnit01,17,533,23,18,12,706,14.6,2023,agosto,22,martes,25904
2023-08-04T08:36:30,AirQualityUnit02,30,488,52,39,25,684,14.9,2023,agosto,4,viernes,950
2023-08-17T02:04,AirQualityUnit02,21,490,13,10,6,849,11.5,2023,agosto,17,jueves,6728
2023-08-16T13:21,AirQualityUnit01,18,414,10,10,7,414,23.0,2023,agosto,16,miércoles,23115
2023-08-19T07:31:52,AirQualityUnit02,15,512,41,30,20,777,14.3,2023,agosto,19,sábado,7785
2023-08-26T15:32,AirQualityUnit01,5,413,9,7,4,346,21.3,2023,agosto,26,sábado,27885
2023-08-13T22:22:07,AirQualityUnit01,28,511,13,11,6,562,13.5,2023,agosto,13,domingo,21901
2023-08-30T03:03,AirQualityUnit01,29,538,13,10,4,715,11.2,2023,agosto,30,miércoles,29530
2023-08-27T02:22,AirQualityUnit01,8,538,11,11,6,632,6.9,2023,agosto,27,domingo,28099
2023-08-10T08:45:33,AirQualityUnit01,5,511,30,27,16,672,13.2,2023,agosto,10,jueves,20217
2023-08-27T11:59,AirQualityUnit01,6,426,9,9,5,336,25.2,2023,agosto,27,domingo,28310
2023-08-15T04:30:16,AirQualityUnit02,5,476,9,7,3,686,12.2,2023,agosto,15,martes,5896
2023-08-09T23:50:54,AirQualityUnit02,29,476,6,6,4,786,9.9,2023,agosto,9,miércoles,3466
2023-08-07T11:24:51,AirQualityUnit02,18,517,9,9,5,556,21.3,2023,agosto,7,lunes,2313
2023-08-31T19:38,AirQualityUnit01,22,487,11,10,6,475,15.4,2023,agosto,31,jueves,30300
2023-08-30T04:17:06,AirQualityUnit02,12,479,16,16,8,806,11.3,2023,agosto,30,miércoles,12949
2023-08-15T20:31,AirQualityUnit01,28,498,13,10,6,577,15.0,2023,agosto,15,martes,22768
2023-08-26T02:12:32,AirQualityUnit02,2,466,12,12,7,708,7.7,2023,agosto,26,sábado,10977
2023-08-11T04:08:18,AirQualityUnit01,7,518,6,6,3,711,12.2,2023,agosto,11,viernes,20568
2023-08-12T03:55:31,AirQualityUnit02,17,477,17,9,5,768,8.9,2023,agosto,12,sábado,4435
2023-08-21T15:50:37,AirQualityUnit02,28,466,44,26,20,453,23.3,2023,agosto,21,lunes,8962
2023-08-18T00:36:06,AirQualityUnit02,21,409,5,3,2,74,14.1,2023,agosto,18,viernes,7155
2023-08-12T13:20:09,AirQualityUnit01,5,408,5,5,3,0,0.0,2023,agosto,12,sábado,21203
2023-08-08T12:05:59,AirQualityUnit01,16,407,3,3,1,354,23.9,2023,agosto,8,martes,19384
2023-08-16T13:11,AirQualityUnit01,13,433,25,18,10,437,22.1,2023,agosto,16,miércoles,23111
2023-08-13T06:04:02,AirQualityUnit01,23,549,8,8,5,745,9.9,2023,agosto,13,domingo,21545
2023-08-02T16:02:01,AirQualityUnit02,7,444,6,6,4,39,22.0,2023,agosto,2,miércoles,380
2023-08-11T06:29:16,AirQualityUnit02,16,511,44,36,26,774,12.8,2023,agosto,11,viernes,4058
2023-08-28T20:49,AirQualityUnit02,2,428,6,5,3,585,15.3,2023,agosto,28,lunes,12390
2023-08-17T19:47,AirQualityUnit01,30,493,14,13,6,54,17.0,2023,agosto,17,jueves,23661
2023-08-06T20:23:32,AirQualityUnit01,17,485,9,9,7,551,15.8,2023,agosto,6,domingo,18558
2023-08-18T04:08:33,AirQualityUnit02,30,469,11,8,4,789,12.1,2023,agosto,18,viernes,7241
2023-08-03T22:24:35,AirQualityUnit02,15,479,12,10,7,723,11.2,2023,agosto,3,jueves,838
2023-08-10T10:16:09,AirQualityUnit02,20,435,48,37,26,594,17.5,2023,agosto,10,jueves,3700
2023-08-02T18:52:59,AirQualityUnit02,27,431,17,14,8,495,17.6,2023,agosto,2,miércoles,423
2023-08-26T16:34,AirQualityUnit01,4,428,9,6,3,354,20.4,2023,agosto,26,sábado,27908
2023-08-21T13:20:49,AirQualityUnit02,18,457,10,8,6,456,22.3,2023,agosto,21,lunes,8904
2023-08-23T03:43:56,AirQualityUnit02,10,460,4,3,1,778,9.6,2023,agosto,23,miércoles,9666
2023-08-14T22:11,AirQualityUnit01,2,499,3,2,2,521,14.5,2023,agosto,14,lunes,22364
2023-08-18T09:46,AirQualityUnit01,30,450,14,14,9,502,21.5,2023,agosto,18,viernes,23953
2023-08-07T21:49:29,AirQualityUnit02,8,462,3,3,1,706,14.7,2023,agosto,7,lunes,2523
2023-08-21T08:50,AirQualityUnit01,3,473,32,31,17,651,19.0,2023,agosto,21,lunes,25413
2023-08-27T17:29,AirQualityUnit01,10,439,11,11,6,365,21.8,2023,agosto,27,domingo,28425
2023-08-10T11:16:20,AirQualityUnit01,16,462,41,32,20,528,19.2,2023,agosto,10,jueves,20253
2023-08-21T21:42:34,AirQualityUnit02,11,462,7,4,3,783,14.3,2023,agosto,21,lunes,9086
2023-08-18T16:20,AirQualityUnit01,3,498,9,6,4,545,17.4,2023,agosto,18,viernes,24065
2023-08-27T19:28:50,AirQualityUnit02,14,425,13,12,7,522,16.8,2023,agosto,27,domingo,11872
2023-08-12T06:08,AirQualityUnit02,19,474,26,16,11,775,9.7,2023,agosto,12,sábado,4482
2023-08-29T04:04,AirQualityUnit01,16,526,10,9,5,689,9.7,2023,agosto,29,martes,29147
2023-08-23T15:48,AirQualityUnit01,9,401,7,7,4,302,24.0,2023,agosto,23,miércoles,26499
2023-08-31T09:56:39,AirQualityUnit02,1,531,22,15,9,393,22.4,2023,agosto,31,jueves,13532
2023-08-22T22:33,AirQualityUnit01,7,499,5,5,4,0,0.0,2023,agosto,22,martes,26152
2023-08-27T07:23:51,AirQualityUnit02,7,490,33,29,20,722,8.7,2023,agosto,27,domingo,11611
2023-08-05T11:37:51,AirQualityUnit02,3,491,8,6,4,427,23.0,2023,agosto,5,sábado,1344
2023-08-07T03:02:27,AirQualityUnit01,23,531,6,5,3,746,11.9,2023,agosto,7,lunes,18696
2023-08-23T03:15,AirQualityUnit01,18,509,10,10,6,745,9.7,2023,agosto,23,miércoles,26262
2023-08-29T07:35:24,AirQualityUnit02,3,482,34,29,18,0,0.0,2023,agosto,29,martes,12630
2023-08-28T08:27:48,AirQualityUnit02,17,459,38,27,20,0,0.0,2023,agosto,28,lunes,12163
2023-08-06T10:56:49,AirQualityUnit02,25,414,14,11,9,506,20.1,2023,agosto,6,domingo,1813
2023-08-17T15:54:31,AirQualityUnit02,18,459,3,2,1,333,26.9,2023,agosto,17,jueves,6988
2023-08-09T00:54:51,AirQualityUnit02,16,475,19,13,7,706,9.8,2023,agosto,9,miércoles,3055
2023-08-17T15:36,AirQualityUnit01,2,407,1,1,0,324,28.6,2023,agosto,17,jueves,23588
2023-08-24T18:04,AirQualityUnit01,24,495,10,10,6,466,16.3,2023,agosto,24,jueves,27008
2023-08-31T05:49:23,AirQualityUnit02,6,521,23,17,11,765,9.5,2023,agosto,31,jueves,13446
2023-08-08T23:29:36,AirQualityUnit01,5,478,4,4,2,59,11.0,2023,agosto,8,martes,19572
2023-08-08T15:52:58,AirQualityUnit01,2,406,4,4,3,356,22.9,2023,agosto,8,martes,19435
2023-08-26T14:04,AirQualityUnit01,25,407,6,6,3,298,24.6,2023,agosto,26,sábado,27857
2023-08-25T22:56,AirQualityUnit01,22,507,13,9,5,545,10.4,2023,agosto,25,viernes,27536
2023-08-30T08:28,AirQualityUnit01,30,531,50,36,19,659,15.0,2023,agosto,30,miércoles,29654
2023-08-07T16:16:04,AirQualityUnit01,1,450,0,0,0,446,19.8,2023,agosto,7,lunes,18996
2023-08-10T00:15:52,AirQualityUnit02,10,475,21,17,8,796,9.9,2023,agosto,10,jueves,3474
2023-08-14T03:02:38,AirQualityUnit02,14,434,4,3,2,749,10.3,2023,agosto,14,lunes,5404
2023-08-12T10:13:31,AirQualityUnit02,13,524,48,36,27,433,23.8,2023,agosto,12,sábado,4572
2023-08-22T20:18,AirQualityUnit01,4,475,8,7,4,547,14.2,2023,agosto,22,martes,26096
2023-08-15T05:52,AirQualityUnit01,7,535,8,6,3,648,11.6,2023,agosto,15,martes,22527
2023-08-20T09:44:30,AirQualityUnit02,27,409,6,3,2,0,0.0,2023,agosto,20,domingo,8317
2023-08-07T19:44:06,AirQualityUnit01,8,497,11,11,7,608,15.6,2023,agosto,7,lunes,19054
2023-08-25T12:39:42,AirQualityUnit02,13,480,44,27,20,345,23.3,2023,agosto,25,viernes,10729
2023-08-13T14:03:02,AirQualityUnit01,5,414,1,1,1,0,0.0,2023,agosto,13,domingo,21724
2023-08-25T01:56:18,AirQualityUnit02,13,437,12,12,7,672,11.9,2023,agosto,25,viernes,10517
2023-08-04T09:09:50,AirQualityUnit02,15,448,28,22,15,0,0.0,2023,agosto,4,viernes,960
2023-08-06T05:53:34,AirQualityUnit02,3,485,33,18,9,798,8.4,2023,agosto,6,domingo,1707
2023-08-24T20:58:52,AirQualityUnit02,25,436,25,22,16,583,14.1,2023,agosto,24,jueves,10416
2023-08-20T11:16:05,AirQualityUnit02,9,435,36,26,20,527,21.9,2023,agosto,20,domingo,8348
2023-08-26T20:41:02,AirQualityUnit02,8,420,22,15,10,563,12.6,2023,agosto,26,sábado,11373
2023-08-14T07:42:16,AirQualityUnit01,18,516,20,19,12,626,14.1,2023,agosto,14,lunes,22113
2023-08-26T11:03:37,AirQualityUnit02,9,426,13,11,8,321,24.6,2023,agosto,26,sábado,11178
2023-08-22T04:49:04,AirQualityUnit02,30,462,1,1,0,84,11.9,2023,agosto,22,martes,9245
2023-08-28T00:26,AirQualityUnit01,24,545,9,9,4,607,10.5,2023,agosto,28,lunes,28576
2023-08-31T00:14,AirQualityUnit01,21,517,22,11,6,628,10.7,2023,agosto,31,jueves,29930
2023-08-02T16:41:29,AirQualityUnit01,23,419,9,5,3,387,21.9,2023,agosto,2,miércoles,16995
2023-08-15T23:26,AirQualityUnit01,19,539,8,8,5,647,12.4,2023,agosto,15,martes,22826
2023-08-27T06:12:59,AirQualityUnit02,4,515,52,41,29,768,4.7,2023,agosto,27,domingo,11582
2023-08-21T11:08,AirQualityUnit01,7,438,5,5,2,467,22.6,2023,agosto,21,lunes,25465
2023-08-05T11:51:09,AirQualityUnit01,7,416,3,3,2,405,24.5,2023,agosto,5,sábado,17915
2023-08-12T01:14:18,AirQualityUnit01,28,533,9,6,4,658,10.5,2023,agosto,12,sábado,20942
2023-08-22T07:33,AirQualityUnit01,7,542,16,15,9,723,14.2,2023,agosto,22,martes,25894
2023-08-25T20:23:56,AirQualityUnit02,20,426,12,9,6,526,13.8,2023,agosto,25,viernes,10858
2023-08-13T03:44:52,AirQualityUnit01,18,527,6,6,3,708,11.6,2023,agosto,13,domingo,21493
2023-08-03T07:26:29,AirQualityUnit02,16,510,46,38,23,819,12.6,2023,agosto,3,jueves,593
2023-08-14T00:47:08,AirQualityUnit02,11,449,5,4,2,721,11.0,2023,agosto,14,lunes,5348
2023-08-20T12:10,AirQualityUnit01,27,438,15,14,8,434,25.1,2023,agosto,20,domingo,24987
2023-08-14T14:24,AirQualityUnit02,1,455,15,6,4,369,24.7,2023,agosto,14,lunes,5627
2023-08-13T14:48:19,AirQualityUnit02,2,448,4,3,2,352,24.4,2023,agosto,13,domingo,5134
2023-08-20T04:13:34,AirQualityUnit02,23,437,8,8,5,75,14.7,2023,agosto,20,domingo,8202
2023-08-08T04:22:34,AirQualityUnit02,11,522,37,22,11,845,9.9,2023,agosto,8,martes,2671
2023-08-01T00:13:30,AirQualityUnit01,6,503,7,7,4,605,13.6,2023,agosto,1,martes,16578
2023-08-09T11:21:53,AirQualityUnit02,8,420,38,28,20,659,17.4,2023,agosto,9,miércoles,3269
2023-08-02T15:39:26,AirQualityUnit01,24,408,10,8,6,375,22.5,2023,agosto,2,miércoles,16981
2023-08-22T00:56,AirQualityUnit01,2,519,1,0,0,728,13.1,2023,agosto,22,martes,25751
2023-08-30T15:56:03,AirQualityUnit02,8,423,4,3,1,485,19.5,2023,agosto,30,miércoles,13159
2023-08-02T19:57:13,AirQualityUnit02,27,432,12,7,5,58,15.7,2023,agosto,2,miércoles,442
2023-08-15T23:32:20,AirQualityUnit02,29,445,8,8,5,699,12.6,2023,agosto,15,martes,6233
2023-08-07T12:28:42,AirQualityUnit01,16,449,13,11,7,509,21.5,2023,agosto,7,lunes,18911
2023-08-11T20:11:01,AirQualityUnit01,6,481,12,10,6,537,14.7,2023,agosto,11,viernes,20847
2023-08-21T04:01:42,AirQualityUnit02,28,588,14,13,9,0,0.0,2023,agosto,21,lunes,8702
2023-08-05T10:24:44,AirQualityUnit02,30,513,20,20,16,509,21.1,2023,agosto,5,sábado,1317
2023-08-31T03:13,AirQualityUnit01,14,520,14,12,7,0,0.0,2023,agosto,31,jueves,29991
2023-08-18T07:18:30,AirQualityUnit02,28,465,18,15,11,786,13.4,2023,agosto,18,viernes,7317
2023-08-01T05:55:03,AirQualityUnit01,15,553,13,11,7,686,12.2,2023,agosto,1,martes,16715
2023-08-16T14:04:47,AirQualityUnit02,15,449,3,3,3,539,20.4,2023,agosto,16,miércoles,6512
2023-08-16T02:39:40,AirQualityUnit02,26,450,12,11,6,633,-1.8,2023,agosto,16,miércoles,6304
2023-08-03T21:18:04,AirQualityUnit02,14,449,33,27,21,684,12.9,2023,agosto,3,jueves,814
2023-08-15T00:58:06,AirQualityUnit02,27,433,1,1,0,601,14.1,2023,agosto,15,martes,5816
2023-08-19T20:46,AirQualityUnit01,17,499,17,10,7,0,0.0,2023,agosto,19,sábado,24652
2023-08-10T07:20:09,AirQualityUnit02,28,519,49,39,26,839,9.7,2023,agosto,10,jueves,3640
2023-08-20T06:31,AirQualityUnit01,19,560,11,11,6,75,13.3,2023,agosto,20,domingo,24865
2023-08-06T06:53:50,AirQualityUnit02,1,466,18,8,4,821,10.1,2023,agosto,6,domingo,1729
2023-08-24T19:44,AirQualityUnit01,10,505,18,17,8,522,14.4,2023,agosto,24,jueves,27035
2023-08-06T19:35:52,AirQualityUnit01,25,502,13,11,7,53,15.9,2023,agosto,6,domingo,18546
2023-08-22T22:18:56,AirQualityUnit02,9,427,28,18,12,641,13.9,2023,agosto,22,martes,9540
2023-08-16T02:00:14,AirQualityUnit02,7,477,11,10,7,0,0.0,2023,agosto,16,miércoles,6289
2023-08-30T16:30,AirQualityUnit01,15,474,4,4,1,446,19.6,2023,agosto,30,miércoles,29782
2023-08-28T03:29,AirQualityUnit01,19,564,9,9,5,659,8.2,2023,agosto,28,lunes,28645
2023-08-01T21:16:35,AirQualityUnit02,26,425,9,9,6,556,13.9,2023,agosto,1,martes,307
2023-08-10T00:34:14,AirQualityUnit01,17,537,8,8,5,728,9.6,2023,agosto,10,jueves,20032
2023-08-15T09:00:20,AirQualityUnit02,11,500,20,15,9,57,17.5,2023,agosto,15,martes,5996
2023-08-16T07:27:25,AirQualityUnit02,9,479,46,36,26,776,12.0,2023,agosto,16,miércoles,6410
2023-08-26T16:51,AirQualityUnit01,12,446,9,8,6,358,19.7,2023,agosto,26,sábado,27914
2023-08-23T00:02:41,AirQualityUnit02,28,406,4,3,2,625,13.6,2023,agosto,23,miércoles,9575
2023-08-16T05:11,AirQualityUnit01,30,551,12,9,6,72,9.7,2023,agosto,16,miércoles,22960
2023-08-14T19:16:04,AirQualityUnit01,11,480,2,2,1,0,0.0,2023,agosto,14,lunes,22302
2023-08-14T18:34:44,AirQualityUnit01,22,473,9,7,4,462,17.2,2023,agosto,14,lunes,22294
2023-08-06T18:23:11,AirQualityUnit01,21,468,10,8,4,463,17.7,2023,agosto,6,domingo,18523
2023-08-24T19:40,AirQualityUnit01,8,502,14,14,8,52,14.4,2023,agosto,24,jueves,27033
2023-08-18T17:45:25,AirQualityUnit02,20,444,27,22,16,696,15.1,2023,agosto,18,viernes,7507
2023-08-10T08:28:32,AirQualityUnit02,30,480,32,30,18,766,12.9,2023,agosto,10,jueves,3664
2023-08-14T02:06:21,AirQualityUnit02,18,437,6,6,4,0,0.0,2023,agosto,14,lunes,5381
2023-08-29T23:31:34,AirQualityUnit02,30,535,6,6,4,748,11.9,2023,agosto,29,martes,12848
2023-08-08T23:52:29,AirQualityUnit02,17,459,19,14,7,683,10.4,2023,agosto,8,martes,3033
2023-08-15T23:15:48,AirQualityUnit02,21,463,8,8,5,704,12.7,2023,agosto,15,martes,6227
2023-08-04T18:28:13,AirQualityUnit02,6,449,8,5,4,43,19.8,2023,agosto,4,viernes,1099
2023-08-23T04:21,AirQualityUnit01,19,507,8,7,5,745,8.6,2023,agosto,23,miércoles,26286
2023-08-11T03:07:47,AirQualityUnit02,12,475,7,5,3,745,12.6,2023,agosto,11,viernes,3985
2023-08-09T16:08:45,AirQualityUnit02,23,466,5,3,2,447,24.0,2023,agosto,9,miércoles,3333
2023-08-28T04:19,AirQualityUnit01,12,561,13,13,7,705,7.4,2023,agosto,28,lunes,28663
2023-08-16T06:00:05,AirQualityUnit02,29,517,26,26,19,79,9.4,2023,agosto,16,miércoles,6382
2023-08-25T13:43,AirQualityUnit01,3,410,1,1,0,352,20.7,2023,agosto,25,viernes,27392
2023-08-28T00:42,AirQualityUnit01,1,545,13,12,6,629,10.2,2023,agosto,28,lunes,28581
2023-08-13T18:08:24,AirQualityUnit01,30,464,3,3,2,465,16.4,2023,agosto,13,domingo,21812
2023-08-15T02:55,AirQualityUnit01,15,518,0,0,0,0,0.0,2023,agosto,15,martes,22462
2023-08-04T15:33:45,AirQualityUnit01,11,405,2,2,2,338,26.2,2023,agosto,4,viernes,17642
2023-08-15T13:16:58,AirQualityUnit02,11,462,6,5,3,434,21.7,2023,agosto,15,martes,6059
2023-08-16T20:00,AirQualityUnit01,25,535,13,10,6,74,12.6,2023,agosto,16,miércoles,23207
2023-08-31T01:06,AirQualityUnit01,15,520,11,11,8,686,9.7,2023,agosto,31,jueves,29949
2023-08-08T12:01:49,AirQualityUnit02,15,465,45,35,27,349,22.7,2023,agosto,8,martes,2822
2023-08-30T21:30:42,AirQualityUnit02,14,460,7,6,3,0,0.0,2023,agosto,30,miércoles,13270
2023-08-27T22:42,AirQualityUnit02,14,444,11,9,5,0,0.0,2023,agosto,27,domingo,11937
2023-08-04T11:04:33,AirQualityUnit01,5,428,8,6,4,48,20.3,2023,agosto,4,viernes,17575
2023-08-22T04:38,AirQualityUnit01,16,518,1,1,0,763,11.7,2023,agosto,22,martes,25823
2023-08-13T17:26:58,AirQualityUnit01,10,468,3,3,2,44,17.9,2023,agosto,13,domingo,21796
2023-08-27T07:16,AirQualityUnit01,25,566,22,17,10,638,7.4,2023,agosto,27,domingo,28210
2023-08-06T05:30:49,AirQualityUnit01,21,556,13,13,6,731,9.9,2023,agosto,6,domingo,18267
2023-08-30T04:36,AirQualityUnit01,12,543,33,26,15,751,11.0,2023,agosto,30,miércoles,29563
2023-08-15T09:29,AirQualityUnit01,18,454,8,8,5,50,18.9,2023,agosto,15,martes,22608
2023-08-17T08:52,AirQualityUnit01,24,483,23,19,9,633,18.2,2023,agosto,17,jueves,23483
2023-08-21T00:36,AirQualityUnit01,14,585,12,11,7,738,13.2,2023,agosto,21,lunes,25229
2023-08-09T23:21:41,AirQualityUnit02,15,496,11,10,5,782,10.1,2023,agosto,9,miércoles,3454
2023-08-19T05:31:06,AirQualityUnit02,19,534,53,40,25,0,0.0,2023,agosto,19,sábado,7738
2023-08-08T03:01:26,AirQualityUnit02,3,507,11,10,7,817,11.1,2023,agosto,8,martes,2638
2023-08-21T07:14:45,AirQualityUnit02,28,482,35,32,20,849,14.2,2023,agosto,21,lunes,8771
2023-08-13T00:48:34,AirQualityUnit02,1,445,5,4,2,0,0.0,2023,agosto,13,domingo,4835
2023-08-22T01:22:55,AirQualityUnit02,24,482,1,0,0,801,12.8,2023,agosto,22,martes,9162
2023-08-26T06:03:40,AirQualityUnit02,20,518,49,38,28,775,5.9,2023,agosto,26,sábado,11068
2023-08-01T09:58:39,AirQualityUnit01,8,432,2,2,1,495,18.4,2023,agosto,1,martes,16786
2023-08-10T04:52:05,AirQualityUnit01,17,553,39,31,18,755,8.9,2023,agosto,10,jueves,20128
2023-08-07T00:26:47,AirQualityUnit01,10,547,2,2,1,714,12.7,2023,agosto,7,lunes,18643
2023-08-17T23:59,AirQualityUnit01,27,514,7,7,4,639,14.8,2023,agosto,17,jueves,23741
2023-08-19T13:46,AirQualityUnit01,1,407,6,6,4,332,28.7,2023,agosto,19,sábado,24510
2023-08-06T03:11:15,AirQualityUnit01,16,563,17,16,10,707,10.2,2023,agosto,6,domingo,18209
2023-08-01T03:22:54,AirQualityUnit01,4,525,7,7,4,0,0.0,2023,agosto,1,martes,16653
2023-08-09T17:24:47,AirQualityUnit01,27,431,18,11,7,0,0.0,2023,agosto,9,miércoles,19901
2023-08-18T20:01:59,AirQualityUnit02,24,462,25,16,11,707,14.0,2023,agosto,18,viernes,7544
2023-08-04T09:37:13,AirQualityUnit01,25,477,17,11,5,557,18.2,2023,agosto,4,viernes,17554
2023-08-19T03:50,AirQualityUnit01,25,576,30,22,13,747,12.3,2023,agosto,19,sábado,24296
2023-08-19T21:24,AirQualityUnit01,4,519,9,9,5,612,16.7,2023,agosto,19,sábado,24665
2023-08-19T15:53:22,AirQualityUnit02,8,466,20,15,12,364,26.5,2023,agosto,19,sábado,7959
2023-08-04T01:25:26,AirQualityUnit01,6,516,6,6,4,712,9.0,2023,agosto,4,viernes,17488
2023-08-13T18:41:42,AirQualityUnit01,15,478,4,3,1,0,0.0,2023,agosto,13,domingo,21822
2023-08-08T08:21:50,AirQualityUnit02,2,507,34,22,16,748,14.4,2023,agosto,8,martes,2758
2023-08-28T20:01:05,AirQualityUnit02,10,431,22,11,7,0,0.0,2023,agosto,28,lunes,12372
2023-08-15T05:06,AirQualityUnit01,16,548,4,4,1,616,11.9,2023,agosto,15,martes,22509
2023-08-31T05:26,AirQualityUnit01,16,550,26,24,15,68,10.0,2023,agosto,31,jueves,30047
2023-08-16T21:19,AirQualityUnit01,1,555,10,10,8,749,12.5,2023,agosto,16,miércoles,23231
2023-08-20T14:12,AirQualityUnit01,24,443,9,8,4,398,25.5,2023,agosto,20,domingo,25028
2023-08-20T03:57,AirQualityUnit02,15,429,9,6,4,745,14.7,2023,agosto,20,domingo,8196
2023-08-10T04:02:26,AirQualityUnit02,26,492,25,21,12,839,8.9,2023,agosto,10,jueves,3562
2023-08-25T09:51,AirQualityUnit01,15,411,21,19,10,416,22.5,2023,agosto,25,viernes,27328
2023-08-28T01:28,AirQualityUnit01,23,546,12,12,6,663,9.0,2023,agosto,28,lunes,28600
2023-08-13T03:26:18,AirQualityUnit01,9,531,6,6,3,703,11.8,2023,agosto,13,domingo,21487
2023-08-26T16:44,AirQualityUnit01,9,439,7,7,4,356,20.0,2023,agosto,26,sábado,27912
2023-08-01T20:43:36,AirQualityUnit02,10,409,9,9,6,0,0.0,2023,agosto,1,martes,298
2023-08-01T10:14:44,AirQualityUnit02,18,486,2,2,1,477,21.0,2023,agosto,1,martes,219
2023-08-19T13:42:12,AirQualityUnit02,7,475,16,9,5,318,28.8,2023,agosto,19,sábado,7917
2023-08-20T18:00,AirQualityUnit01,9,506,17,17,10,54,18.6,2023,agosto,20,domingo,25102
2023-08-23T20:14,AirQualityUnit01,13,440,11,11,8,466,16.9,2023,agosto,23,miércoles,26572
2023-08-28T18:33,AirQualityUnit01,20,498,12,11,6,0,0.0,2023,agosto,28,lunes,28944
2023-08-13T19:52:27,AirQualityUnit01,18,481,12,11,7,533,14.2,2023,agosto,13,domingo,21846
2023-08-14T14:32:17,AirQualityUnit02,5,517,13,10,6,366,24.8,2023,agosto,14,lunes,5631
2023-08-06T17:25:01,AirQualityUnit01,24,463,8,8,3,443,19.2,2023,agosto,6,domingo,18505
2023-08-13T13:21:20,AirQualityUnit01,16,423,2,2,2,377,22.2,2023,agosto,13,domingo,21710
2023-08-05T00:50:50,AirQualityUnit02,4,467,7,7,4,713,12.5,2023,agosto,5,sábado,1219
2023-08-08T02:26:02,AirQualityUnit02,17,508,6,6,4,821,10.9,2023,agosto,8,martes,2625
2023-08-20T15:34,AirQualityUnit01,1,469,13,11,6,462,22.7,2023,agosto,20,domingo,25052
2023-08-22T11:21:59,AirQualityUnit02,2,447,12,10,8,642,17.7,2023,agosto,22,martes,9376
2023-08-24T20:54:40,AirQualityUnit02,23,436,10,10,6,0,0.0,2023,agosto,24,jueves,10414
2023-08-11T01:30:15,AirQualityUnit02,27,444,6,6,2,725,13.0,2023,agosto,11,viernes,3951
2023-08-14T15:15:59,AirQualityUnit02,26,447,13,8,6,398,22.4,2023,agosto,14,lunes,5644
2023-08-19T00:29:23,AirQualityUnit02,29,491,14,13,8,779,12.3,2023,agosto,19,sábado,7629
2023-08-13T10:05:43,AirQualityUnit01,15,427,4,4,2,445,19.8,2023,agosto,13,domingo,21638
2023-08-28T06:20:41,AirQualityUnit02,18,527,51,35,24,748,8.0,2023,agosto,28,lunes,12115
2023-08-23T10:58:13,AirQualityUnit02,2,420,22,15,12,314,24.3,2023,agosto,23,miércoles,9818
2023-08-27T00:52:18,AirQualityUnit02,5,469,19,18,12,699,7.9,2023,agosto,27,domingo,11460
2023-08-27T17:44,AirQualityUnit01,17,444,23,14,8,40,20.2,2023,agosto,27,domingo,28430
2023-08-24T14:18,AirQualityUnit01,8,438,5,5,3,352,21.9,2023,agosto,24,jueves,26941
2023-08-06T07:16:53,AirQualityUnit01,10,550,25,24,14,679,13.2,2023,agosto,6,domingo,18309
2023-08-24T06:13,AirQualityUnit01,22,528,20,18,12,576,10.9,2023,agosto,24,jueves,26784
2023-08-13T16:34:02,AirQualityUnit02,22,435,22,14,8,408,20.9,2023,agosto,13,domingo,5174
2023-08-19T21:52:40,AirQualityUnit02,26,406,24,22,16,664,16.6,2023,agosto,19,sábado,8070
2023-08-08T22:18:59,AirQualityUnit02,3,428,11,10,6,627,12.0,2023,agosto,8,martes,3004
2023-08-06T01:35:50,AirQualityUnit02,3,436,17,11,7,0,0.0,2023,agosto,6,domingo,1613
2023-08-31T01:29:16,AirQualityUnit02,5,449,5,5,3,724,9.7,2023,agosto,31,jueves,13348
2023-08-08T21:06:13,AirQualityUnit02,30,419,10,8,5,58,13.7,2023,agosto,8,martes,2981
2023-08-11T21:04:34,AirQualityUnit02,5,439,5,5,3,61,13.6,2023,agosto,11,viernes,4290
2023-08-21T22:59:28,AirQualityUnit02,17,476,5,4,2,789,14.2,2023,agosto,21,lunes,9113
2023-08-12T01:30:06,AirQualityUnit02,9,468,13,7,3,728,10.3,2023,agosto,12,sábado,4379
2023-08-30T13:56:11,AirQualityUnit02,12,483,11,9,8,374,23.0,2023,agosto,30,miércoles,13131
2023-08-10T06:32:26,AirQualityUnit02,5,500,42,27,19,86,8.7,2023,agosto,10,jueves,3623
2023-08-07T05:45:14,AirQualityUnit01,8,532,10,10,6,774,11.8,2023,agosto,7,lunes,18762
2023-08-20T16:51,AirQualityUnit01,7,484,11,11,7,509,20.1,2023,agosto,20,domingo,25077
2023-08-15T06:51:53,AirQualityUnit02,11,484,38,29,22,69,12.6,2023,agosto,15,martes,5956
2023-08-06T01:27:12,AirQualityUnit01,28,529,5,5,2,0,0.0,2023,agosto,6,domingo,18172
2023-08-06T09:46:06,AirQualityUnit02,22,435,35,31,24,0,0.0,2023,agosto,6,domingo,1788
2023-08-15T06:39:25,AirQualityUnit02,5,481,21,15,12,695,12.1,2023,agosto,15,martes,5951
2023-08-22T17:49:21,AirQualityUnit02,3,416,50,32,23,527,17.8,2023,agosto,22,martes,9483
2023-08-13T13:50:23,AirQualityUnit01,30,423,2,2,0,357,22.9,2023,agosto,13,domingo,21719
2023-08-13T20:55:51,AirQualityUnit02,24,426,6,4,3,602,13.7,2023,agosto,13,domingo,5267
2023-08-30T04:48:17,AirQualityUnit02,27,470,16,16,8,802,11.5,2023,agosto,30,miércoles,12961
2023-08-22T16:40,AirQualityUnit01,23,475,10,9,7,469,19.0,2023,agosto,22,martes,26058
2023-08-30T20:39,AirQualityUnit01,11,509,10,9,5,552,13.1,2023,agosto,30,miércoles,29852
2023-08-06T23:48:08,AirQualityUnit02,24,524,12,10,7,743,13.0,2023,agosto,6,domingo,2070
2023-08-13T09:09:17,AirQualityUnit01,19,495,8,6,4,572,17.1,2023,agosto,13,domingo,21614
2023-08-07T01:44:29,AirQualityUnit02,18,584,16,13,8,844,11.9,2023,agosto,7,lunes,2106
2023-08-17T03:23:05,AirQualityUnit02,28,538,19,10,5,854,11.7,2023,agosto,17,jueves,6761
2023-08-09T05:19:01,AirQualityUnit01,18,554,21,15,9,685,9.0,2023,agosto,9,miércoles,19705
2023-08-06T11:58:49,AirQualityUnit02,24,409,4,3,2,444,21.8,2023,agosto,6,domingo,1829
2023-08-07T13:40:02,AirQualityUnit02,21,461,4,4,3,477,22.8,2023,agosto,7,lunes,2361
2023-08-22T15:59,AirQualityUnit01,3,425,4,4,3,478,20.6,2023,agosto,22,martes,26053
2023-08-15T15:04,AirQualityUnit01,25,430,7,5,3,411,20.7,2023,agosto,15,martes,22691
2023-08-26T10:21:58,AirQualityUnit02,20,483,23,19,14,358,23.3,2023,agosto,26,sábado,11166
2023-08-29T15:26:11,AirQualityUnit02,13,477,6,4,3,374,22.6,2023,agosto,29,martes,12765
2023-08-25T20:35,AirQualityUnit01,16,482,11,11,6,50,12.9,2023,agosto,25,viernes,27489
2023-08-04T10:40:53,AirQualityUnit02,28,461,7,6,4,0,0.0,2023,agosto,4,viernes,985
2023-08-11T20:41:38,AirQualityUnit02,25,429,11,11,7,0,0.0,2023,agosto,11,viernes,4282
2023-08-18T11:03,AirQualityUnit01,5,412,17,16,9,436,24.8,2023,agosto,18,viernes,23975
2023-08-10T10:59:42,AirQualityUnit01,8,471,29,23,13,537,18.1,2023,agosto,10,jueves,20249
2023-08-29T22:31:10,AirQualityUnit02,1,450,9,1,0,666,13.2,2023,agosto,29,martes,12823
2023-08-12T12:26:08,AirQualityUnit01,10,405,5,5,3,408,21.6,2023,agosto,12,sábado,21191
2023-08-26T23:28,AirQualityUnit01,17,497,17,14,7,597,9.3,2023,agosto,26,sábado,28040
2023-08-14T20:20:48,AirQualityUnit01,11,477,0,0,0,49,15.0,2023,agosto,14,lunes,22324
2023-08-05T09:55:32,AirQualityUnit02,16,463,31,23,16,526,20.1,2023,agosto,5,sábado,1304
2023-08-07T14:30:20,AirQualityUnit02,14,522,1,1,0,507,23.8,2023,agosto,7,lunes,2381
2023-08-12T05:10:04,AirQualityUnit02,22,495,8,6,4,786,8.6,2023,agosto,12,sábado,4461
2023-08-06T04:45:01,AirQualityUnit01,30,550,23,13,8,748,9.3,2023,agosto,6,domingo,18249
2023-08-21T01:53,AirQualityUnit01,20,552,23,14,8,767,13.2,2023,agosto,21,lunes,25258
2023-08-25T10:02:35,AirQualityUnit02,30,456,26,18,11,385,22.0,2023,agosto,25,viernes,10693
2023-08-26T17:46:21,AirQualityUnit02,17,403,10,5,3,425,17.9,2023,agosto,26,sábado,11313
2023-08-06T01:56:35,AirQualityUnit02,13,461,21,20,14,758,11.0,2023,agosto,6,domingo,1621
2023-08-01T06:39:59,AirQualityUnit02,8,501,33,30,22,743,12.8,2023,agosto,1,martes,151
2023-08-16T07:33:40,AirQualityUnit02,12,459,46,36,26,768,12.3,2023,agosto,16,miércoles,6413
2023-08-26T04:29:50,AirQualityUnit02,6,471,19,12,7,765,6.5,2023,agosto,26,sábado,11027
2023-08-10T17:56:10,AirQualityUnit02,25,440,14,10,6,50,19.6,2023,agosto,10,jueves,3808
2023-08-14T08:00:31,AirQualityUnit02,2,453,31,25,15,0,0.0,2023,agosto,14,lunes,5519
2023-08-12T04:43:13,AirQualityUnit02,9,475,8,6,4,777,8.9,2023,agosto,12,sábado,4452
2023-08-08T01:52:56,AirQualityUnit02,1,422,8,8,4,806,11.2,2023,agosto,8,martes,2611
2023-08-14T18:45:01,AirQualityUnit01,27,466,9,7,4,475,16.8,2023,agosto,14,lunes,22297
2023-08-17T08:43,AirQualityUnit01,20,482,27,21,12,65,17.8,2023,agosto,17,jueves,23479
2023-08-12T10:37:40,AirQualityUnit01,20,407,8,7,3,425,21.7,2023,agosto,12,sábado,21150
2023-08-11T21:23:42,AirQualityUnit01,10,501,9,9,5,589,13.0,2023,agosto,11,viernes,20870
2023-08-13T11:26:29,AirQualityUnit02,29,451,18,12,10,43,22.3,2023,agosto,13,domingo,5069
2023-08-21T04:00,AirQualityUnit01,19,562,20,20,10,792,12.9,2023,agosto,21,lunes,25303
2023-08-24T21:29,AirQualityUnit01,30,528,13,12,7,551,13.7,2023,agosto,24,jueves,27066
2023-08-17T08:16:25,AirQualityUnit02,14,535,40,32,21,692,18.5,2023,agosto,17,jueves,6869
2023-08-24T05:16,AirQualityUnit01,26,545,14,14,8,57,10.8,2023,agosto,24,jueves,26763
2023-08-18T16:26:30,AirQualityUnit02,13,464,8,7,5,611,17.7,2023,agosto,18,viernes,7481
2023-08-01T16:28:16,AirQualityUnit01,9,438,0,0,0,475,16.5,2023,agosto,1,martes,16812
2023-08-28T14:06:27,AirQualityUnit02,25,424,26,22,18,405,20.9,2023,agosto,28,lunes,12271
2023-08-06T06:20:39,AirQualityUnit01,14,599,29,20,11,0,0.0,2023,agosto,6,domingo,18285
2023-08-26T14:59:55,AirQualityUnit02,30,425,26,20,13,0,0.0,2023,agosto,26,sábado,11258
2023-08-12T04:50:19,AirQualityUnit01,8,551,12,12,7,707,8.8,2023,agosto,12,sábado,21023
2023-08-22T03:25:34,AirQualityUnit02,21,464,5,5,3,0,0.0,2023,agosto,22,martes,9208
2023-08-01T05:21:36,AirQualityUnit01,30,518,11,8,5,682,12.2,2023,agosto,1,martes,16701
2023-08-13T02:40:21,AirQualityUnit01,18,525,8,5,2,704,11.7,2023,agosto,13,domingo,21468
2023-08-07T14:32:26,AirQualityUnit02,15,544,1,0,0,494,24.2,2023,agosto,7,lunes,2382
2023-08-05T22:53:32,AirQualityUnit02,18,454,11,10,7,711,12.1,2023,agosto,5,sábado,1554
2023-08-20T01:56,AirQualityUnit01,11,555,10,9,5,0,0.0,2023,agosto,20,domingo,24759
2023-08-16T06:32,AirQualityUnit01,7,542,13,13,8,728,9.4,2023,agosto,16,miércoles,22988
2023-08-21T11:37,AirQualityUnit01,21,414,5,5,3,453,22.4,2023,agosto,21,lunes,25478
2023-08-06T08:35:25,AirQualityUnit01,17,540,30,23,14,642,14.9,2023,agosto,6,domingo,18332
2023-08-06T05:32:54,AirQualityUnit01,22,568,13,13,6,729,9.9,2023,agosto,6,domingo,18268
2023-08-31T00:12:12,AirQualityUnit02,30,465,12,9,6,701,10.7,2023,agosto,31,jueves,13323
2023-08-29T14:17,AirQualityUnit01,1,422,8,4,2,361,23.7,2023,agosto,29,martes,29351
2023-08-18T22:26,AirQualityUnit01,24,553,22,18,13,722,12.8,2023,agosto,18,viernes,24185
2023-08-01T02:21:43,AirQualityUnit02,8,454,7,5,3,0,0.0,2023,agosto,1,martes,53
2023-08-01T03:45:46,AirQualityUnit01,15,529,5,5,3,66,12.6,2023,agosto,1,martes,16663
2023-08-01T08:22:52,AirQualityUnit01,24,471,4,4,2,0,0.0,2023,agosto,1,martes,16762
2023-08-30T01:42,AirQualityUnit01,21,524,11,9,4,715,11.6,2023,agosto,30,miércoles,29502
2023-08-29T00:29:17,AirQualityUnit02,15,430,6,6,3,0,0.0,2023,agosto,29,martes,12469
2023-08-27T09:33,AirQualityUnit01,29,497,18,17,10,477,17.6,2023,agosto,27,domingo,28260
2023-08-01T18:44:18,AirQualityUnit02,15,411,40,34,25,512,15.2,2023,agosto,1,martes,267
2023-08-11T14:04:18,AirQualityUnit01,15,409,4,3,2,39,24.6,2023,agosto,11,viernes,20762
2023-08-11T22:44:39,AirQualityUnit01,18,490,7,7,5,597,12.3,2023,agosto,11,viernes,20897
2023-08-25T19:54:48,AirQualityUnit02,6,411,11,10,5,494,15.1,2023,agosto,25,viernes,10848
2023-08-09T10:32:33,AirQualityUnit01,14,514,17,16,11,0,0.0,2023,agosto,9,miércoles,19805
2023-08-13T19:44:08,AirQualityUnit01,14,489,12,11,7,53,14.3,2023,agosto,13,domingo,21843
2023-08-07T05:51:29,AirQualityUnit01,11,527,9,9,5,774,11.8,2023,agosto,7,lunes,18765
2023-08-07T10:30:44,AirQualityUnit02,23,465,32,26,20,692,18.6,2023,agosto,7,lunes,2294
2023-08-05T14:10:12,AirQualityUnit01,12,417,1,1,0,357,26.4,2023,agosto,5,sábado,17955
2023-08-17T16:29:53,AirQualityUnit02,4,451,3,2,0,325,26.1,2023,agosto,17,jueves,7000
2023-08-07T11:18:07,AirQualityUnit01,13,444,13,13,9,548,20.8,2023,agosto,7,lunes,18886
2023-08-31T13:53,AirQualityUnit01,12,406,6,6,4,346,22.7,2023,agosto,31,jueves,30203
2023-08-21T16:12,AirQualityUnit01,29,415,31,23,15,434,23.9,2023,agosto,21,lunes,25578
2023-08-05T20:07:35,AirQualityUnit01,29,522,8,8,5,574,14.7,2023,agosto,5,sábado,18060
2023-08-30T20:00:59,AirQualityUnit02,2,449,7,6,5,0,0.0,2023,agosto,30,miércoles,13236
2023-08-30T18:10,AirQualityUnit01,1,488,9,8,5,466,17.2,2023,agosto,30,miércoles,29809
2023-08-19T23:55,AirQualityUnit01,15,526,7,7,5,646,15.8,2023,agosto,19,sábado,24717
2023-08-07T01:43:32,AirQualityUnit01,16,549,29,21,11,0,0.0,2023,agosto,7,lunes,18670
2023-08-29T06:48,AirQualityUnit01,2,522,12,12,8,693,10.0,2023,agosto,29,martes,29212
2023-08-09T03:43:28,AirQualityUnit02,4,496,10,9,7,757,8.5,2023,agosto,9,miércoles,3120
2023-08-17T08:14:19,AirQualityUnit02,13,544,40,32,21,698,18.3,2023,agosto,17,jueves,6868
2023-08-11T04:49:16,AirQualityUnit02,30,461,12,11,6,761,12.6,2023,agosto,11,viernes,4019
2023-08-24T19:17:02,AirQualityUnit02,7,436,14,14,8,0,0.0,2023,agosto,24,jueves,10381
2023-08-02T19:46:48,AirQualityUnit02,22,446,12,7,5,55,16.6,2023,agosto,2,miércoles,438
2023-08-27T17:03:16,AirQualityUnit02,6,482,9,8,6,303,26.7,2023,agosto,27,domingo,11819
2023-08-24T23:28:39,AirQualityUnit02,4,451,15,13,8,0,0.0,2023,agosto,24,jueves,10464
2023-08-19T16:59,AirQualityUnit01,1,452,28,24,15,406,24.0,2023,agosto,19,sábado,24572
2023-08-23T14:18,AirQualityUnit01,27,404,3,3,2,287,25.9,2023,agosto,23,miércoles,26476
2023-08-24T17:02:46,AirQualityUnit02,4,437,40,29,20,451,18.8,2023,agosto,24,jueves,10350
2023-08-30T05:37,AirQualityUnit01,10,553,6,6,4,725,10.8,2023,agosto,30,miércoles,29586
2023-08-30T05:18,AirQualityUnit01,1,538,13,9,7,725,10.9,2023,agosto,30,miércoles,29577
2023-08-13T16:30:42,AirQualityUnit01,14,411,6,6,3,39,21.2,2023,agosto,13,domingo,21776
2023-08-18T07:22,AirQualityUnit01,23,573,17,15,9,705,13.2,2023,agosto,18,viernes,23902
2023-08-18T03:08:14,AirQualityUnit02,1,442,17,9,6,768,13.1,2023,agosto,18,viernes,7216
2023-08-21T08:04,AirQualityUnit01,12,529,32,27,14,715,16.5,2023,agosto,21,lunes,25395
2023-08-19T17:51,AirQualityUnit01,26,451,51,39,24,488,20.1,2023,agosto,19,sábado,24594
2023-08-12T00:59:55,AirQualityUnit01,21,526,13,7,4,644,11.0,2023,agosto,12,sábado,20939
2023-08-11T12:16:42,AirQualityUnit01,25,409,3,3,1,445,20.5,2023,agosto,11,viernes,20737
2023-08-16T03:29,AirQualityUnit01,12,530,9,6,4,696,11.2,2023,agosto,16,miércoles,22919
2023-08-05T22:39:09,AirQualityUnit01,9,530,6,6,4,676,11.9,2023,agosto,5,sábado,18112
2023-08-02T09:31:07,AirQualityUnit01,2,472,18,16,9,534,17.1,2023,agosto,2,miércoles,16931
2023-08-20T05:20,AirQualityUnit01,16,569,8,8,5,72,14.2,2023,agosto,20,domingo,24836
2023-08-11T20:48:19,AirQualityUnit01,24,494,7,7,5,0,0.0,2023,agosto,11,viernes,20857
2023-08-24T15:37:30,AirQualityUnit02,25,449,12,8,7,366,22.5,2023,agosto,24,jueves,10328
2023-08-11T20:04:23,AirQualityUnit02,7,453,18,16,10,557,15.3,2023,agosto,11,viernes,4270
2023-08-15T05:21,AirQualityUnit01,23,557,4,4,3,628,11.7,2023,agosto,15,martes,22515
2023-08-22T00:47:37,AirQualityUnit02,7,467,1,1,0,80,13.5,2023,agosto,22,martes,9150
2023-08-22T04:19,AirQualityUnit01,7,531,1,0,0,0,0.0,2023,agosto,22,martes,25817
2023-08-10T10:30:35,AirQualityUnit02,27,453,35,30,20,601,17.2,2023,agosto,10,jueves,3704
2023-08-08T16:03:16,AirQualityUnit01,7,407,6,6,3,346,23.0,2023,agosto,8,martes,19436
2023-08-14T00:25:11,AirQualityUnit01,25,518,9,9,4,638,11.1,2023,agosto,14,lunes,21952
2023-08-14T19:47:24,AirQualityUnit01,26,469,6,3,1,0,0.0,2023,agosto,14,lunes,22313
2023-08-04T14:14:15,AirQualityUnit02,7,484,16,16,13,375,25.6,2023,agosto,4,viernes,1042
2023-08-14T09:32:14,AirQualityUnit01,9,424,2,2,1,449,20.5,2023,agosto,14,lunes,22143
2023-08-10T20:12:20,AirQualityUnit01,26,482,5,4,2,535,16.7,2023,agosto,10,jueves,20403
2023-08-01T00:34:22,AirQualityUnit01,16,525,10,7,5,612,13.3,2023,agosto,1,martes,16587
2023-08-17T19:30:25,AirQualityUnit02,29,433,29,24,16,593,17.2,2023,agosto,17,jueves,7051
2023-08-24T09:52:28,AirQualityUnit02,13,426,10,10,6,48,19.3,2023,agosto,24,jueves,10241
2023-08-15T20:33,AirQualityUnit01,29,506,13,10,6,58,14.9,2023,agosto,15,martes,22769
2023-08-26T11:07:47,AirQualityUnit02,11,477,11,11,7,313,24.6,2023,agosto,26,sábado,11180
2023-08-08T03:21:04,AirQualityUnit01,11,549,8,8,5,743,11.0,2023,agosto,8,martes,19212
2023-08-22T23:25:23,AirQualityUnit02,10,408,3,3,2,621,14.4,2023,agosto,22,martes,9562
2023-08-21T08:46:10,AirQualityUnit02,10,478,31,23,15,0,0.0,2023,agosto,21,lunes,8801
2023-08-11T03:53:16,AirQualityUnit02,3,469,20,16,13,76,12.4,2023,agosto,11,viernes,3998
2023-08-20T20:03:37,AirQualityUnit02,15,439,7,7,5,734,15.6,2023,agosto,20,domingo,8524
2023-08-10T17:25:58,AirQualityUnit01,8,443,11,10,6,436,20.4,2023,agosto,10,jueves,20346
2023-08-23T14:57,AirQualityUnit01,15,403,3,2,1,286,25.6,2023,agosto,23,miércoles,26486
2023-08-24T11:52,AirQualityUnit01,30,415,5,4,2,37,23.0,2023,agosto,24,jueves,26900
2023-08-31T00:03:53,AirQualityUnit02,26,447,13,10,6,0,0.0,2023,agosto,31,jueves,13319
2023-08-27T19:33,AirQualityUnit01,7,485,20,14,8,0,0.0,2023,agosto,27,domingo,28469
2023-08-27T14:49,AirQualityUnit01,26,427,5,5,3,356,21.7,2023,agosto,27,domingo,28371
2023-08-25T07:53:58,AirQualityUnit02,30,506,44,34,23,611,15.9,2023,agosto,25,viernes,10650
2023-08-20T16:38:10,AirQualityUnit02,9,446,13,10,7,568,19.7,2023,agosto,20,domingo,8461
2023-08-12T08:25:04,AirQualityUnit02,23,481,22,19,11,681,14.2,2023,agosto,12,sábado,4533
2023-08-22T20:12:34,AirQualityUnit02,10,420,13,13,10,0,0.0,2023,agosto,22,martes,9505
2023-08-24T18:58,AirQualityUnit01,19,500,17,14,9,0,0.0,2023,agosto,24,jueves,27024
2023-08-18T00:26,AirQualityUnit01,9,521,6,6,4,642,14.3,2023,agosto,18,viernes,23751
2023-08-23T21:31,AirQualityUnit01,19,445,10,9,5,498,15.7,2023,agosto,23,miércoles,26599
2023-08-06T23:29:24,AirQualityUnit02,15,437,10,9,5,706,13.5,2023,agosto,6,domingo,2062
2023-08-21T18:31:03,AirQualityUnit02,12,419,8,5,3,567,19.2,2023,agosto,21,lunes,9016
2023-08-31T00:41,AirQualityUnit01,3,517,23,11,4,654,10.0,2023,agosto,31,jueves,29940
2023-08-24T02:18,AirQualityUnit01,2,500,8,7,4,531,11.8,2023,agosto,24,jueves,26694
2023-08-25T05:30:33,AirQualityUnit02,23,508,36,30,20,773,8.6,2023,agosto,25,viernes,10597
2023-08-27T03:36:40,AirQualityUnit02,22,462,10,9,5,0,0.0,2023,agosto,27,domingo,11519
2023-08-06T10:40:05,AirQualityUnit02,17,409,9,6,4,511,20.8,2023,agosto,6,domingo,1807
2023-08-06T17:35:18,AirQualityUnit01,29,466,8,8,3,447,19.0,2023,agosto,6,domingo,18508
2023-08-02T10:30:56,AirQualityUnit02,3,422,16,13,9,0,0.0,2023,agosto,2,miércoles,350
2023-08-24T00:13,AirQualityUnit01,4,421,5,4,2,0,0.0,2023,agosto,24,jueves,26653
2023-08-09T03:18:20,AirQualityUnit02,23,480,16,12,7,742,9.1,2023,agosto,9,miércoles,3109
2023-08-05T12:49:11,AirQualityUnit01,4,422,2,2,1,41,22.8,2023,agosto,5,sábado,17930
2023-08-31T03:44,AirQualityUnit01,29,523,23,12,7,673,10.8,2023,agosto,31,jueves,30004
2023-08-23T12:36,AirQualityUnit01,9,409,4,4,2,313,25.4,2023,agosto,23,miércoles,26456
2023-08-06T22:55:57,AirQualityUnit02,30,454,5,3,2,686,14.3,2023,agosto,6,domingo,2048
2023-08-12T10:54:15,AirQualityUnit01,28,430,12,9,4,441,21.0,2023,agosto,12,sábado,21156
2023-08-30T22:39,AirQualityUnit01,6,505,22,11,7,592,11.6,2023,agosto,30,miércoles,29896
2023-08-14T07:34:02,AirQualityUnit01,14,533,21,20,13,635,13.6,2023,agosto,14,lunes,22111
2023-08-24T12:15:02,AirQualityUnit02,20,509,30,29,21,388,21.8,2023,agosto,24,jueves,10277
2023-08-12T18:06:55,AirQualityUnit01,19,458,5,5,4,417,18.8,2023,agosto,12,sábado,21290
2023-08-25T09:52:18,AirQualityUnit02,25,446,26,18,11,0,0.0,2023,agosto,25,viernes,10690
2023-08-02T21:37:14,AirQualityUnit02,13,569,3,3,1,806,11.9,2023,agosto,2,miércoles,469
2023-08-31T01:33:25,AirQualityUnit02,7,460,7,7,3,0,0.0,2023,agosto,31,jueves,13350
2023-08-08T16:48:32,AirQualityUnit01,29,405,7,7,4,356,23.9,2023,agosto,8,martes,19446
2023-08-10T08:16:24,AirQualityUnit01,22,511,52,38,23,695,12.2,2023,agosto,10,jueves,20208
2023-08-27T17:24:03,AirQualityUnit02,16,501,8,8,4,337,24.6,2023,agosto,27,domingo,11828
2023-08-10T13:39:11,AirQualityUnit01,23,427,7,7,4,488,19.5,2023,agosto,10,jueves,20283
2023-08-04T06:49:11,AirQualityUnit01,6,538,30,26,16,78,7.9,2023,agosto,4,viernes,17499
2023-08-24T09:29:33,AirQualityUnit02,2,408,22,13,9,50,18.5,2023,agosto,24,jueves,10231
2023-08-18T21:25,AirQualityUnit01,26,551,35,28,18,71,12.7,2023,agosto,18,viernes,24162
2023-08-20T02:25,AirQualityUnit01,25,530,7,7,4,538,2.7,2023,agosto,20,domingo,24772
2023-08-04T01:29:39,AirQualityUnit02,11,505,8,8,5,777,8.9,2023,agosto,4,viernes,907
2023-08-21T03:54,AirQualityUnit01,16,558,26,24,13,785,13.0,2023,agosto,21,lunes,25300
2023-08-06T04:15:45,AirQualityUnit02,18,465,14,14,10,802,9.5,2023,agosto,6,domingo,1668
2023-08-17T14:15:17,AirQualityUnit02,1,449,31,20,10,322,27.3,2023,agosto,17,jueves,6964
2023-08-21T03:35,AirQualityUnit01,7,539,13,13,7,787,13.3,2023,agosto,21,lunes,25294
2023-08-07T20:59:29,AirQualityUnit02,15,470,6,3,3,0,0.0,2023,agosto,7,lunes,2507
2023-08-14T19:20:19,AirQualityUnit01,13,471,6,3,1,499,15.6,2023,agosto,14,lunes,22303
2023-08-09T11:18:31,AirQualityUnit01,5,451,22,17,11,566,18.8,2023,agosto,9,miércoles,19821
2023-08-19T11:26:52,AirQualityUnit02,4,466,9,8,5,366,27.0,2023,agosto,19,sábado,7870
2023-08-12T02:30:21,AirQualityUnit02,7,474,9,6,3,0,0.0,2023,agosto,12,sábado,4401
2023-08-01T06:32:34,AirQualityUnit01,2,536,23,19,13,698,12.2,2023,agosto,1,martes,16729
2023-08-15T02:05,AirQualityUnit01,22,503,8,6,3,589,12.7,2023,agosto,15,martes,22445
2023-08-19T20:38,AirQualityUnit01,13,517,9,8,5,574,17.1,2023,agosto,19,sábado,24649
2023-08-15T00:14:32,AirQualityUnit02,6,433,3,2,1,587,14.2,2023,agosto,15,martes,5799
2023-08-11T21:29:59,AirQualityUnit01,13,492,7,7,4,586,12.9,2023,agosto,11,viernes,20873
2023-08-26T22:43:40,AirQualityUnit02,5,451,45,28,17,626,10.3,2023,agosto,26,sábado,11414
2023-08-17T04:05,AirQualityUnit01,10,574,19,17,8,793,11.5,2023,agosto,17,jueves,23373
2023-08-12T02:33:20,AirQualityUnit01,4,535,10,8,5,685,9.7,2023,agosto,12,sábado,20971
2023-08-28T01:21:48,AirQualityUnit02,29,463,14,12,7,72,9.2,2023,agosto,28,lunes,11996
2023-08-15T23:24,AirQualityUnit01,18,539,8,8,5,645,12.5,2023,agosto,15,martes,22825
2023-08-23T04:02:40,AirQualityUnit02,19,496,30,29,20,798,9.0,2023,agosto,23,miércoles,9674
2023-08-28T17:18,AirQualityUnit01,15,479,11,6,3,417,20.1,2023,agosto,28,lunes,28922
2023-08-31T17:41:04,AirQualityUnit02,18,429,14,11,6,434,19.7,2023,agosto,31,jueves,13656
2023-08-03T20:22:29,AirQualityUnit01,15,498,7,5,3,0,0.0,2023,agosto,3,jueves,17381
2023-08-22T02:35,AirQualityUnit01,19,526,0,0,0,749,11.8,2023,agosto,22,martes,25783
2023-08-11T23:53:17,AirQualityUnit01,20,499,4,4,2,629,11.7,2023,agosto,11,viernes,20916
2023-08-11T04:28:28,AirQualityUnit02,20,440,28,15,11,764,12.6,2023,agosto,11,viernes,4010
2023-08-29T22:41:39,AirQualityUnit02,6,528,10,10,6,705,12.8,2023,agosto,29,martes,12828
2023-08-10T02:05:56,AirQualityUnit02,1,532,18,18,9,799,8.5,2023,agosto,10,jueves,3516
2023-08-23T21:18,AirQualityUnit01,13,433,15,10,6,498,15.6,2023,agosto,23,miércoles,26593
